timestamp,open,high,low,close,volumen,num_trades
2017-08-17 04:00:00,4261.48000000,4280.56000000,4261.48000000,4261.48000000,2.18906100,9
2017-08-17 04:05:00,4261.48000000,4261.48000000,4261.48000000,4261.48000000,0.00000000,0
2017-08-17 04:10:00,4261.48000000,4261.48000000,4261.48000000,4261.48000000,0.00000000,0
2017-08-17 04:15:00,4261.48000000,4264.88000000,4261.48000000,4261.48000000,0.48466600,9
2017-08-17 04:20:00,4264.88000000,4266.29000000,4264.88000000,4266.29000000,2.32857000,11
2017-08-17 04:25:00,4266.29000000,4270.41000000,4261.32000000,4261.45000000,6.30662900,20
2017-08-17 04:30:00,4280.00000000,4296.63000000,4267.99000000,4296.63000000,7.93813300,23
2017-08-17 04:35:00,4300.38000000,4300.38000000,4300.38000000,4300.38000000,5.62659600,14
2017-08-17 04:40:00,4300.38000000,4310.07000000,4300.38000000,4310.07000000,8.35882300,21
2017-08-17 04:45:00,4310.07000000,4310.07000000,4292.01000000,4292.01000000,2.44810000,14
2017-08-17 04:50:00,4292.01000000,4313.62000000,4292.01000000,4313.60000000,4.75888300,21
2017-08-17 04:55:00,4302.48000000,4313.62000000,4291.37000000,4308.83000000,6.74154800,29
2017-08-17 05:00:00,4308.83000000,4308.83000000,4304.31000000,4304.31000000,0.48285500,13
2017-08-17 05:05:00,4308.83000000,4328.69000000,4308.83000000,4328.69000000,4.27477200,21
2017-08-17 05:10:00,4328.69000000,4328.69000000,4304.31000000,4304.31000000,0.34352600,10
2017-08-17 05:15:00,4320.00000000,4320.00000000,4312.14000000,4320.00000000,5.45153300,11
2017-08-17 05:20:00,4320.00000000,4320.00000000,4320.00000000,4320.00000000,3.44647300,11
2017-08-17 05:25:00,4319.22000000,4320.00000000,4319.22000000,4320.00000000,7.04948900,7
2017-08-17 05:30:00,4320.00000000,4320.00000000,4320.00000000,4320.00000000,1.02737800,11
2017-08-17 05:35:00,4320.00000000,4320.00000000,4291.37000000,4291.37000000,1.12807500,14
2017-08-17 05:40:00,4291.37000000,4291.37000000,4291.37000000,4291.37000000,0.00000000,0
2017-08-17 05:45:00,4297.04000000,4297.04000000,4297.04000000,4297.04000000,0.00788400,1
2017-08-17 05:50:00,4315.32000000,4315.32000000,4315.32000000,4315.32000000,0.00094300,1
2017-08-17 05:55:00,4315.32000000,4315.32000000,4315.32000000,4315.32000000,0.02198800,2
2017-08-17 06:00:00,4330.29000000,4330.29000000,4330.29000000,4330.29000000,0.00933900,1
2017-08-17 06:05:00,4318.39000000,4318.39000000,4318.39000000,4318.39000000,0.05420000,1
2017-08-17 06:10:00,4330.00000000,4330.00000000,4330.00000000,4330.00000000,0.00182500,1
2017-08-17 06:15:00,4330.00000000,4330.00000000,4330.00000000,4330.00000000,0.00000000,0
2017-08-17 06:20:00,4309.37000000,4330.29000000,4309.37000000,4311.58000000,3.18562800,8
2017-08-17 06:25:00,4311.58000000,4311.58000000,4311.01000000,4311.02000000,0.31528500,3
2017-08-17 06:30:00,4328.65000000,4328.65000000,4319.83000000,4319.83000000,1.21290100,8
2017-08-17 06:35:00,4324.34000000,4345.45000000,4324.34000000,4345.45000000,2.28127500,7
2017-08-17 06:40:00,4345.45000000,4345.45000000,4345.45000000,4345.45000000,0.00000000,0
2017-08-17 06:45:00,4345.45000000,4345.45000000,4330.12000000,4330.12000000,0.09461000,4
2017-08-17 06:50:00,4330.12000000,4330.12000000,4330.12000000,4330.12000000,0.00641000,2
2017-08-17 06:55:00,4324.35000000,4324.35000000,4324.35000000,4324.35000000,0.06821800,1
2017-08-17 07:00:00,4324.35000000,4324.35000000,4324.35000000,4324.35000000,0.00000000,0
2017-08-17 07:05:00,4316.62000000,4316.62000000,4316.62000000,4316.62000000,0.00154100,1
2017-08-17 07:10:00,4316.62000000,4316.62000000,4316.62000000,4316.62000000,0.00000000,0
2017-08-17 07:15:00,4316.62000000,4316.62000000,4316.62000000,4316.62000000,0.00000000,0
2017-08-17 07:20:00,4316.62000000,4316.62000000,4316.62000000,4316.62000000,0.00000000,0
2017-08-17 07:25:00,4291.38000000,4291.38000000,4291.38000000,4291.38000000,0.03891800,1
2017-08-17 07:30:00,4291.38000000,4291.38000000,4291.38000000,4291.38000000,0.00000000,0
2017-08-17 07:35:00,4291.39000000,4291.39000000,4291.39000000,4291.39000000,0.01143100,1
2017-08-17 07:40:00,4300.00000000,4300.00000000,4300.00000000,4300.00000000,0.70747000,3
2017-08-17 07:45:00,4287.41000000,4287.41000000,4287.41000000,4287.41000000,0.00426300,1
2017-08-17 07:50:00,4305.38000000,4330.12000000,4305.38000000,4323.34000000,0.55239200,6
2017-08-17 07:55:00,4323.34000000,4349.99000000,4323.34000000,4349.99000000,3.12723400,12
2017-08-17 08:00:00,4333.32000000,4377.85000000,4333.32000000,4333.32000000,0.65907500,11
2017-08-17 08:05:00,4377.85000000,4377.85000000,4360.71000000,4360.71000000,0.10734200,2
2017-08-17 08:10:00,4360.71000000,4360.71000000,4360.71000000,4360.71000000,0.00000000,0
2017-08-17 08:15:00,4360.71000000,4360.71000000,4360.71000000,4360.71000000,0.00000000,0
2017-08-17 08:20:00,4360.71000000,4360.71000000,4360.71000000,4360.71000000,0.01148100,1
2017-08-17 08:25:00,4360.70000000,4360.70000000,4360.70000000,4360.70000000,0.06436200,4
2017-08-17 08:30:00,4360.70000000,4360.70000000,4360.70000000,4360.70000000,0.00102400,1
2017-08-17 08:35:00,4360.00000000,4360.00000000,4360.00000000,4360.00000000,0.06431600,3
2017-08-17 08:40:00,4360.69000000,4360.69000000,4360.69000000,4360.69000000,0.03392200,3
2017-08-17 08:45:00,4360.70000000,4360.70000000,4360.70000000,4360.70000000,0.00823200,1
2017-08-17 08:50:00,4360.69000000,4360.69000000,4360.69000000,4360.69000000,0.02305300,2
2017-08-17 08:55:00,4360.69000000,4360.69000000,4360.69000000,4360.69000000,0.00000000,0
2017-08-17 09:00:00,4360.69000000,4360.69000000,4360.69000000,4360.69000000,0.00000000,0
2017-08-17 09:05:00,4360.00000000,4360.00000000,4360.00000000,4360.00000000,0.00629600,1
2017-08-17 09:10:00,4360.00000000,4360.00000000,4360.00000000,4360.00000000,0.00000000,0
2017-08-17 09:15:00,4360.00000000,4360.00000000,4360.00000000,4360.00000000,0.52000100,3
2017-08-17 09:20:00,4360.00000000,4360.00000000,4360.00000000,4360.00000000,0.86000300,3
2017-08-17 09:25:00,4360.00000000,4360.00000000,4360.00000000,4360.00000000,0.90870100,3
2017-08-17 09:30:00,4360.00000000,4445.78000000,4360.00000000,4445.78000000,7.92166300,22
2017-08-17 09:35:00,4445.78000000,4445.78000000,4445.78000000,4445.78000000,0.41119700,2
2017-08-17 09:40:00,4445.00000000,4445.00000000,4436.51000000,4436.51000000,0.07794000,2
2017-08-17 09:45:00,4444.00000000,4444.00000000,4444.00000000,4444.00000000,0.04168100,4
2017-08-17 09:50:00,4444.00000000,4444.00000000,4444.00000000,4444.00000000,0.00815600,1
2017-08-17 09:55:00,4444.00000000,4444.00000000,4444.00000000,4444.00000000,0.00798500,2
2017-08-17 10:00:00,4441.10000000,4441.10000000,4436.51000000,4436.51000000,1.07487900,3
2017-08-17 10:05:00,4427.13000000,4427.13000000,4400.00000000,4400.00000000,1.45421900,5
2017-08-17 10:10:00,4400.00000000,4400.00000000,4399.81000000,4400.00000000,2.13058200,5
2017-08-17 10:15:00,4400.00000000,4400.00000000,4400.00000000,4400.00000000,0.35310100,2
2017-08-17 10:20:00,4443.00000000,4443.00000000,4420.00000000,4440.00000000,0.26155000,6
2017-08-17 10:25:00,4440.00000000,4440.00000000,4440.00000000,4440.00000000,0.00000000,0
2017-08-17 10:30:00,4440.00000000,4440.00000000,4440.00000000,4440.00000000,0.00000000,0
2017-08-17 10:35:00,4400.00000000,4419.00000000,4400.00000000,4419.00000000,1.99000400,6
2017-08-17 10:40:00,4415.00000000,4415.00000000,4415.00000000,4415.00000000,0.08823100,2
2017-08-17 10:45:00,4419.00000000,4460.00000000,4419.00000000,4460.00000000,11.91064000,19
2017-08-17 10:50:00,4460.00000000,4470.00000000,4450.65000000,4460.00000000,4.68323400,25
2017-08-17 10:55:00,4460.00000000,4460.00000000,4460.00000000,4460.00000000,0.91895900,9
2017-08-17 11:00:00,4460.00000000,4474.80000000,4459.18000000,4474.80000000,10.12544500,18
2017-08-17 11:05:00,4454.72000000,4454.72000000,4454.72000000,4454.72000000,0.00878800,1
2017-08-17 11:10:00,4461.07000000,4474.80000000,4461.07000000,4474.80000000,5.95031100,5
2017-08-17 11:15:00,4474.80000000,4474.80000000,4465.32000000,4474.80000000,5.86596500,16
2017-08-17 11:20:00,4474.80000000,4474.80000000,4474.80000000,4474.80000000,2.20131000,8
2017-08-17 11:25:00,4474.80000000,4485.39000000,4465.06000000,4485.39000000,0.77751000,9
2017-08-17 11:30:00,4485.39000000,4485.39000000,4485.39000000,4485.39000000,0.04834300,2
2017-08-17 11:35:00,4459.96000000,4469.93000000,4459.96000000,4469.93000000,0.53275300,8
2017-08-17 11:40:00,4469.93000000,4469.93000000,4469.93000000,4469.93000000,0.00198600,1
2017-08-17 11:45:00,4469.93000000,4469.93000000,4459.46000000,4468.93000000,0.50597400,11
2017-08-17 11:50:00,4449.56000000,4449.56000000,4434.86000000,4434.86000000,0.74944400,11
2017-08-17 11:55:00,4449.56000000,4449.56000000,4427.30000000,4427.30000000,0.25022400,5
2017-08-17 12:00:00,4436.06000000,4449.56000000,4436.06000000,4449.56000000,2.38735800,9
2017-08-17 12:05:00,4447.66000000,4448.89000000,4439.67000000,4448.89000000,5.78836800,16
2017-08-17 12:10:00,4441.87000000,4441.87000000,4441.87000000,4441.87000000,2.99843200,25
2017-08-17 12:15:00,4441.87000000,4441.87000000,4431.68000000,4431.68000000,0.42986300,6
2017-08-17 12:20:00,4430.95000000,4430.95000000,4427.30000000,4427.30000000,8.39296700,17
2017-08-17 12:25:00,4425.25000000,4425.25000000,4418.12000000,4418.12000000,1.09855900,4
2017-08-17 12:30:00,4417.00000000,4417.00000000,4417.00000000,4417.00000000,0.02750800,1
2017-08-17 12:35:00,4417.00000000,4427.30000000,4417.00000000,4427.30000000,0.25520500,8
2017-08-17 12:40:00,4419.14000000,4431.13000000,4411.01000000,4431.13000000,0.80716400,7
2017-08-17 12:45:00,4430.00000000,4430.00000000,4411.00000000,4411.00000000,0.69949800,9
2017-08-17 12:50:00,4420.00000000,4431.13000000,4411.00000000,4411.00000000,0.14747600,6
2017-08-17 12:55:00,4411.00000000,4411.00000000,4411.00000000,4411.00000000,0.00000000,0
2017-08-17 13:00:00,4411.00000000,4430.00000000,4411.00000000,4430.00000000,0.61000600,4
2017-08-17 13:05:00,4434.12000000,4445.88000000,4434.12000000,4445.88000000,0.51960900,4
2017-08-17 13:10:00,4440.00000000,4445.88000000,4440.00000000,4445.88000000,0.12932800,2
2017-08-17 13:15:00,4430.43000000,4430.43000000,4430.43000000,4430.43000000,0.01300000,1
2017-08-17 13:20:00,4430.43000000,4440.00000000,4425.21000000,4440.00000000,0.14923500,5
2017-08-17 13:25:00,4425.21000000,4440.00000000,4422.60000000,4440.00000000,2.29714000,8
2017-08-17 13:30:00,4435.12000000,4440.00000000,4425.21000000,4440.00000000,2.35649200,17
2017-08-17 13:35:00,4445.00000000,4445.00000000,4440.00000000,4445.00000000,3.37712800,21
2017-08-17 13:40:00,4445.00000000,4445.00000000,4445.00000000,4445.00000000,1.77102000,3
2017-08-17 13:45:00,4432.07000000,4445.00000000,4432.07000000,4445.00000000,0.14382900,3
2017-08-17 13:50:00,4425.60000000,4445.00000000,4425.60000000,4445.00000000,9.07255600,20
2017-08-17 13:55:00,4445.00000000,4459.00000000,4445.00000000,4459.00000000,10.87309300,30
2017-08-17 14:00:00,4459.00000000,4460.00000000,4459.00000000,4460.00000000,5.78468200,18
2017-08-17 14:05:00,4460.00000000,4460.00000000,4460.00000000,4460.00000000,3.27545200,15
2017-08-17 14:10:00,4460.00000000,4460.00000000,4435.93000000,4452.71000000,8.27833100,19
2017-08-17 14:15:00,4452.71000000,4459.81000000,4452.71000000,4459.81000000,1.24873700,16
2017-08-17 14:20:00,4459.81000000,4469.46000000,4459.81000000,4469.35000000,1.16635000,19
2017-08-17 14:25:00,4469.35000000,4469.46000000,4437.35000000,4467.81000000,1.89525700,17
2017-08-17 14:30:00,4467.81000000,4484.00000000,4452.57000000,4484.00000000,5.36759100,14
2017-08-17 14:35:00,4484.00000000,4485.00000000,4484.00000000,4484.00000000,0.88343400,18
2017-08-17 14:40:00,4484.00000000,4485.39000000,4477.53000000,4477.53000000,3.60435700,40
2017-08-17 14:45:00,4477.53000000,4477.53000000,4477.53000000,4477.53000000,1.40044800,16
2017-08-17 14:50:00,4477.53000000,4477.53000000,4457.43000000,4477.53000000,6.97345500,17
2017-08-17 14:55:00,4477.53000000,4477.53000000,4453.26000000,4470.82000000,11.85780300,25
2017-08-17 15:00:00,4470.82000000,4470.82000000,4453.67000000,4470.00000000,6.80565800,10
2017-08-17 15:05:00,4470.00000000,4470.00000000,4469.00000000,4469.00000000,0.63857800,7
2017-08-17 15:10:00,4469.00000000,4469.00000000,4460.00000000,4460.00000000,2.35865300,19
2017-08-17 15:15:00,4460.00000000,4469.99000000,4460.00000000,4469.99000000,3.52654300,19
2017-08-17 15:20:00,4445.00000000,4470.82000000,4432.70000000,4432.70000000,3.38142800,33
2017-08-17 15:25:00,4445.00000000,4445.00000000,4412.10000000,4432.20000000,5.88397900,73
2017-08-17 15:30:00,4432.20000000,4444.90000000,4399.64000000,4421.00000000,11.61913100,77
2017-08-17 15:35:00,4399.64000000,4399.64000000,4374.04000000,4377.54000000,9.57322400,69
2017-08-17 15:40:00,4377.54000000,4425.83000000,4377.54000000,4396.47000000,4.20896100,28
2017-08-17 15:45:00,4392.95000000,4425.83000000,4392.95000000,4423.63000000,9.70326000,28
2017-08-17 15:50:00,4423.63000000,4423.63000000,4371.45000000,4371.45000000,3.52415300,25
2017-08-17 15:55:00,4377.54000000,4377.54000000,4333.42000000,4352.34000000,7.25770200,10
2017-08-17 16:00:00,4352.33000000,4352.35000000,4314.50000000,4325.00000000,6.24823100,40
2017-08-17 16:05:00,4325.00000000,4354.35000000,4255.30000000,4293.61000000,19.45888500,70
2017-08-17 16:10:00,4261.89000000,4339.85000000,4255.30000000,4307.17000000,8.47043700,76
2017-08-17 16:15:00,4307.17000000,4307.17000000,4272.03000000,4294.08000000,11.11473500,27
2017-08-17 16:20:00,4294.08000000,4336.69000000,4265.87000000,4307.43000000,4.59248600,52
2017-08-17 16:25:00,4307.43000000,4336.69000000,4290.17000000,4290.17000000,3.32517400,34
2017-08-17 16:30:00,4290.17000000,4337.29000000,4290.17000000,4337.29000000,2.29535500,24
2017-08-17 16:35:00,4337.29000000,4337.29000000,4322.23000000,4322.23000000,1.32809700,15
2017-08-17 16:40:00,4320.29000000,4320.29000000,4300.29000000,4300.29000000,4.49238900,9
2017-08-17 16:45:00,4300.29000000,4338.13000000,4300.29000000,4338.13000000,1.72834400,15
2017-08-17 16:50:00,4338.13000000,4338.13000000,4312.68000000,4338.13000000,3.73711100,26
2017-08-17 16:55:00,4354.18000000,4354.18000000,4354.18000000,4354.18000000,0.66754700,10
2017-08-17 17:00:00,4354.18000000,4354.18000000,4354.18000000,4354.18000000,1.27198500,8
2017-08-17 17:05:00,4354.18000000,4354.18000000,4326.99000000,4341.31000000,5.79930500,14
2017-08-17 17:10:00,4341.31000000,4354.84000000,4341.31000000,4341.31000000,5.03503900,19
2017-08-17 17:15:00,4323.23000000,4354.84000000,4322.23000000,4322.23000000,2.04539500,15
2017-08-17 17:20:00,4322.23000000,4322.23000000,4301.50000000,4318.21000000,6.35318300,18
2017-08-17 17:25:00,4318.21000000,4335.28000000,4318.21000000,4335.28000000,0.89658900,13
2017-08-17 17:30:00,4335.28000000,4337.29000000,4335.28000000,4337.29000000,4.26319300,16
2017-08-17 17:35:00,4337.29000000,4354.84000000,4337.29000000,4354.84000000,1.73063700,14
2017-08-17 17:40:00,4354.84000000,4354.84000000,4328.15000000,4328.15000000,1.04992200,9
2017-08-17 17:45:00,4315.11000000,4328.15000000,4299.95000000,4328.15000000,6.57375100,17
2017-08-17 17:50:00,4328.15000000,4328.15000000,4307.17000000,4309.05000000,4.78784800,16
2017-08-17 17:55:00,4307.17000000,4307.17000000,4235.45000000,4289.24000000,19.85806500,33
2017-08-17 18:00:00,4289.24000000,4289.24000000,4263.99000000,4263.99000000,3.77839700,16
2017-08-17 18:05:00,4253.56000000,4253.56000000,4218.68000000,4231.87000000,8.06693900,17
2017-08-17 18:10:00,4231.87000000,4282.43000000,4231.87000000,4282.43000000,4.46665900,16
2017-08-17 18:15:00,4282.43000000,4302.15000000,4273.03000000,4302.15000000,5.95331900,14
2017-08-17 18:20:00,4302.15000000,4302.45000000,4302.15000000,4302.45000000,2.07843200,20
2017-08-17 18:25:00,4287.69000000,4287.69000000,4287.69000000,4287.69000000,0.60244900,13
2017-08-17 18:30:00,4287.69000000,4287.69000000,4287.69000000,4287.69000000,2.17596900,19
2017-08-17 18:35:00,4302.45000000,4302.45000000,4264.10000000,4267.01000000,6.38086800,16
2017-08-17 18:40:00,4246.90000000,4246.90000000,4237.85000000,4237.85000000,3.04027700,11
2017-08-17 18:45:00,4237.85000000,4241.90000000,4222.97000000,4241.90000000,5.90111000,14
2017-08-17 18:50:00,4241.90000000,4267.01000000,4241.90000000,4254.96000000,5.51194600,19
2017-08-17 18:55:00,4254.96000000,4256.97000000,4254.96000000,4256.97000000,3.31879800,19
2017-08-17 19:00:00,4241.91000000,4256.97000000,4200.74000000,4200.74000000,9.52153500,18
2017-08-17 19:05:00,4200.74000000,4242.53000000,4200.74000000,4242.53000000,2.37569200,14
2017-08-17 19:10:00,4271.02000000,4284.27000000,4256.51000000,4281.87000000,10.01990400,17
2017-08-17 19:15:00,4281.87000000,4281.87000000,4247.38000000,4266.00000000,6.14946100,19
2017-08-17 19:20:00,4266.00000000,4266.00000000,4266.00000000,4266.00000000,3.21672900,12
2017-08-17 19:25:00,4266.00000000,4302.44000000,4266.00000000,4287.61000000,1.88262900,22
2017-08-17 19:30:00,4287.61000000,4302.45000000,4287.61000000,4302.15000000,0.55029800,15
2017-08-17 19:35:00,4316.08000000,4316.08000000,4289.00000000,4289.00000000,6.42661100,23
2017-08-17 19:40:00,4316.08000000,4327.25000000,4316.08000000,4327.25000000,1.18749900,19
2017-08-17 19:45:00,4327.25000000,4335.30000000,4327.25000000,4327.25000000,1.40071300,17
2017-08-17 19:50:00,4327.25000000,4328.25000000,4325.24000000,4325.24000000,2.91368700,13
2017-08-17 19:55:00,4325.24000000,4325.24000000,4325.23000000,4325.23000000,1.06609200,13
2017-08-17 20:00:00,4307.56000000,4325.23000000,4307.56000000,4311.18000000,5.48585000,24
2017-08-17 20:05:00,4311.18000000,4311.18000000,4278.05000000,4278.05000000,3.26867100,20
2017-08-17 20:10:00,4278.05000000,4278.05000000,4261.00000000,4278.05000000,4.82965000,14
2017-08-17 20:15:00,4278.05000000,4325.23000000,4278.05000000,4302.77000000,8.16375700,24
2017-08-17 20:20:00,4302.77000000,4302.96000000,4289.00000000,4302.96000000,2.46261600,24
2017-08-17 20:25:00,4288.10000000,4288.10000000,4273.16000000,4273.16000000,1.95503600,13
2017-08-17 20:30:00,4258.56000000,4302.96000000,4258.56000000,4302.96000000,6.16910300,23
2017-08-17 20:35:00,4302.96000000,4303.18000000,4262.53000000,4303.18000000,2.61842000,29
2017-08-17 20:40:00,4310.99000000,4325.24000000,4302.50000000,4305.00000000,5.24074900,20
2017-08-17 20:45:00,4305.00000000,4325.24000000,4305.00000000,4325.24000000,5.18838800,18
2017-08-17 20:50:00,4325.24000000,4341.30000000,4325.24000000,4341.30000000,1.73767100,18
2017-08-17 20:55:00,4341.30000000,4354.84000000,4326.00000000,4346.74000000,1.85556100,20
2017-08-17 21:00:00,4346.74000000,4346.74000000,4315.85000000,4331.78000000,5.59772700,13
2017-08-17 21:05:00,4331.78000000,4339.00000000,4331.78000000,4339.00000000,1.74074400,17
2017-08-17 21:10:00,4339.00000000,4367.93000000,4322.65000000,4367.93000000,3.21764200,17
2017-08-17 21:15:00,4346.73000000,4367.93000000,4341.32000000,4360.00000000,7.57818500,22
2017-08-17 21:20:00,4367.93000000,4367.93000000,4360.93000000,4360.93000000,1.37200300,24
2017-08-17 21:25:00,4360.94000000,4369.69000000,4335.98000000,4349.33000000,9.78636400,29
2017-08-17 21:30:00,4349.33000000,4349.33000000,4322.65000000,4349.33000000,3.53157300,23
2017-08-17 21:35:00,4349.33000000,4355.56000000,4349.32000000,4355.56000000,1.96785500,13
2017-08-17 21:40:00,4355.56000000,4369.69000000,4334.12000000,4354.35000000,7.71139700,22
2017-08-17 21:45:00,4354.03000000,4355.02000000,4323.98000000,4355.02000000,6.80892600,19
2017-08-17 21:50:00,4355.02000000,4368.68000000,4322.98000000,4349.63000000,3.60934300,31
2017-08-17 21:55:00,4322.98000000,4349.63000000,4309.23000000,4333.55000000,8.85127700,18
2017-08-17 22:00:00,4333.55000000,4335.56000000,4322.39000000,4335.56000000,7.22800200,21
2017-08-17 22:05:00,4349.63000000,4349.63000000,4343.96000000,4343.96000000,2.63973000,16
2017-08-17 22:10:00,4349.63000000,4349.63000000,4334.32000000,4334.32000000,1.41286300,14
2017-08-17 22:15:00,4325.24000000,4325.24000000,4310.00000000,4312.34000000,9.87384600,24
2017-08-17 22:20:00,4312.34000000,4312.34000000,4312.34000000,4312.34000000,2.37102500,20
2017-08-17 22:25:00,4310.00000000,4326.29000000,4310.00000000,4326.29000000,2.71570800,30
2017-08-17 22:30:00,4326.28000000,4326.29000000,4326.28000000,4326.29000000,1.70250800,19
2017-08-17 22:35:00,4326.29000000,4341.96000000,4319.11000000,4341.96000000,10.03590200,19
2017-08-17 22:40:00,4348.62000000,4356.06000000,4348.62000000,4352.34000000,3.17426500,24
2017-08-17 22:45:00,4335.00000000,4352.34000000,4335.00000000,4341.30000000,5.24782500,15
2017-08-17 22:50:00,4341.30000000,4359.13000000,4341.30000000,4352.34000000,3.15601500,21
2017-08-17 22:55:00,4352.34000000,4352.34000000,4327.52000000,4336.80000000,7.81845300,13
2017-08-17 23:00:00,4313.39000000,4336.80000000,4313.39000000,4336.80000000,5.71286100,14
2017-08-17 23:05:00,4336.80000000,4336.80000000,4322.74000000,4336.28000000,3.47918100,16
2017-08-17 23:10:00,4336.28000000,4337.38000000,4300.00000000,4323.31000000,9.00937400,23
2017-08-17 23:15:00,4337.38000000,4337.38000000,4318.68000000,4337.36000000,7.53234900,16
2017-08-17 23:20:00,4337.36000000,4337.38000000,4337.36000000,4337.38000000,7.23881800,34
2017-08-17 23:25:00,4318.68000000,4337.38000000,4318.68000000,4327.89000000,6.36466600,19
2017-08-17 23:30:00,4327.89000000,4332.26000000,4327.89000000,4332.26000000,0.93146700,17
2017-08-17 23:35:00,4332.26000000,4332.26000000,4332.26000000,4332.26000000,0.68488500,14
2017-08-17 23:40:00,4332.26000000,4332.26000000,4314.13000000,4328.25000000,9.28300000,28
2017-08-17 23:45:00,4325.82000000,4332.26000000,4289.09000000,4299.13000000,15.38198400,32
2017-08-17 23:50:00,4280.82000000,4317.33000000,4280.82000000,4280.82000000,13.88919700,45
2017-08-17 23:55:00,4305.75000000,4305.75000000,4285.08000000,4285.08000000,2.13748100,12
2017-08-18 00:00:00,4285.08000000,4287.09000000,4285.08000000,4287.09000000,2.96298700,17
2017-08-18 00:05:00,4267.78000000,4292.10000000,4267.78000000,4292.10000000,5.52002100,23
2017-08-18 00:10:00,4305.76000000,4305.76000000,4304.76000000,4305.76000000,1.97547900,18
2017-08-18 00:15:00,4309.08000000,4309.08000000,4289.53000000,4303.83000000,7.16207100,23
2017-08-18 00:20:00,4303.83000000,4303.83000000,4285.85000000,4303.83000000,5.84554500,14
2017-08-18 00:25:00,4309.92000000,4309.92000000,4292.11000000,4292.11000000,2.90536800,17
2017-08-18 00:30:00,4292.11000000,4309.15000000,4286.01000000,4309.15000000,7.54980000,32
2017-08-18 00:35:00,4309.15000000,4309.15000000,4309.15000000,4309.15000000,1.36444300,14
2017-08-18 00:40:00,4309.15000000,4309.15000000,4302.15000000,4302.15000000,3.62828100,12
2017-08-18 00:45:00,4282.51000000,4340.62000000,4282.51000000,4284.76000000,16.41201100,42
2017-08-18 00:50:00,4264.88000000,4284.76000000,4243.97000000,4251.95000000,13.15586400,27
2017-08-18 00:55:00,4251.10000000,4286.53000000,4228.76000000,4286.53000000,13.95360400,29
2017-08-18 01:00:00,4269.36000000,4269.36000000,4200.00000000,4269.36000000,9.53913400,19
2017-08-18 01:05:00,4255.44000000,4255.44000000,4237.00000000,4255.44000000,5.20038800,18
2017-08-18 01:10:00,4255.44000000,4269.36000000,4251.40000000,4251.40000000,4.01970100,16
2017-08-18 01:15:00,4216.81000000,4238.89000000,4142.67000000,4142.67000000,6.67514000,26
2017-08-18 01:20:00,4172.81000000,4202.75000000,4134.61000000,4202.75000000,22.68748500,29
2017-08-18 01:25:00,4202.75000000,4219.88000000,4202.75000000,4214.97000000,5.19132900,23
2017-08-18 01:30:00,4214.97000000,4223.00000000,4214.97000000,4223.00000000,0.46367700,13
2017-08-18 01:35:00,4223.00000000,4223.00000000,4200.60000000,4202.73000000,6.50116800,23
2017-08-18 01:40:00,4221.87000000,4231.61000000,4212.65000000,4231.61000000,5.07805600,15
2017-08-18 01:45:00,4231.61000000,4238.89000000,4231.61000000,4238.89000000,1.55856700,23
2017-08-18 01:50:00,4238.89000000,4255.66000000,4238.89000000,4255.66000000,3.82545700,21
2017-08-18 01:55:00,4255.66000000,4269.36000000,4243.59000000,4243.59000000,4.94478100,17
2017-08-18 02:00:00,4251.95000000,4251.95000000,4251.95000000,4251.95000000,2.31018500,28
2017-08-18 02:05:00,4266.26000000,4266.26000000,4234.43000000,4262.14000000,11.12085600,21
2017-08-18 02:10:00,4262.14000000,4286.53000000,4234.00000000,4286.53000000,3.47299300,19
2017-08-18 02:15:00,4286.53000000,4298.64000000,4278.87000000,4278.87000000,9.52320700,26
2017-08-18 02:20:00,4278.87000000,4278.87000000,4277.04000000,4277.04000000,6.79605300,17
2017-08-18 02:25:00,4255.88000000,4278.05000000,4255.88000000,4278.05000000,6.34866100,15
2017-08-18 02:30:00,4278.05000000,4278.05000000,4242.75000000,4264.51000000,5.60366700,23
2017-08-18 02:35:00,4264.51000000,4264.51000000,4260.98000000,4260.98000000,0.74575600,12
2017-08-18 02:40:00,4260.98000000,4260.98000000,4252.95000000,4252.95000000,1.55460800,19
2017-08-18 02:45:00,4252.95000000,4267.59000000,4252.95000000,4267.59000000,1.80466000,14
2017-08-18 02:50:00,4267.59000000,4267.59000000,4244.79000000,4267.59000000,3.79108500,12
2017-08-18 02:55:00,4267.59000000,4267.59000000,4267.59000000,4267.59000000,0.99960600,13
2017-08-18 03:00:00,4244.77000000,4278.05000000,4244.77000000,4278.05000000,2.02876800,25
2017-08-18 03:05:00,4279.86000000,4282.49000000,4278.05000000,4282.49000000,2.34513800,36
2017-08-18 03:10:00,4282.49000000,4308.70000000,4282.49000000,4308.70000000,4.22602400,25
2017-08-18 03:15:00,4308.70000000,4308.70000000,4263.92000000,4263.92000000,6.28320600,17
2017-08-18 03:20:00,4283.07000000,4298.30000000,4275.36000000,4296.44000000,7.36198700,28
2017-08-18 03:25:00,4296.44000000,4296.44000000,4244.77000000,4244.77000000,6.84790400,27
2017-08-18 03:30:00,4244.77000000,4280.33000000,4234.00000000,4254.28000000,11.11308600,26
2017-08-18 03:35:00,4254.28000000,4277.83000000,4254.28000000,4277.83000000,2.78101700,14
2017-08-18 03:40:00,4277.83000000,4277.83000000,4262.88000000,4277.81000000,4.40711700,11
2017-08-18 03:45:00,4277.81000000,4296.60000000,4277.81000000,4296.60000000,5.88953700,40
2017-08-18 03:50:00,4296.60000000,4296.60000000,4288.14000000,4288.15000000,3.91657400,40
2017-08-18 03:55:00,4288.15000000,4292.39000000,4269.07000000,4292.39000000,6.80099100,17
2017-08-18 04:00:00,4292.39000000,4292.39000000,4269.26000000,4269.26000000,2.03748300,17
2017-08-18 04:05:00,4269.01000000,4269.01000000,4269.01000000,4269.01000000,1.80842000,19
2017-08-18 04:10:00,4266.56000000,4266.56000000,4252.01000000,4252.01000000,5.11900300,22
2017-08-18 04:15:00,4252.01000000,4266.56000000,4247.93000000,4251.67000000,5.38806100,31
2017-08-18 04:20:00,4251.67000000,4251.67000000,4234.43000000,4246.92000000,7.14902800,26
2017-08-18 04:25:00,4245.00000000,4246.92000000,4245.00000000,4245.00000000,3.95297100,25
2017-08-18 04:30:00,4245.00000000,4284.79000000,4245.00000000,4253.85000000,6.57809900,32
2017-08-18 04:35:00,4273.03000000,4273.03000000,4234.67000000,4271.02000000,6.39802500,19
2017-08-18 04:40:00,4271.02000000,4271.02000000,4271.02000000,4271.02000000,2.11495600,13
2017-08-18 04:45:00,4292.39000000,4292.39000000,4284.74000000,4285.99000000,2.31123900,23
2017-08-18 04:50:00,4278.50000000,4287.92000000,4271.02000000,4287.92000000,6.01376000,21
2017-08-18 04:55:00,4287.92000000,4287.92000000,4287.92000000,4287.92000000,1.92647000,19
2017-08-18 05:00:00,4287.92000000,4287.92000000,4268.97000000,4280.00000000,7.33119500,21
2017-08-18 05:05:00,4280.00000000,4280.00000000,4263.01000000,4280.00000000,4.16592300,22
2017-08-18 05:10:00,4280.00000000,4293.80000000,4250.04000000,4293.80000000,4.70954400,25
2017-08-18 05:15:00,4278.06000000,4319.93000000,4278.06000000,4290.77000000,12.07462300,61
2017-08-18 05:20:00,4319.93000000,4319.93000000,4317.21000000,4319.93000000,1.70139400,21
2017-08-18 05:25:00,4317.21000000,4317.21000000,4295.68000000,4317.21000000,5.18785200,22
2017-08-18 05:30:00,4317.21000000,4330.82000000,4317.21000000,4330.82000000,1.96567700,15
2017-08-18 05:35:00,4330.82000000,4330.82000000,4289.33000000,4291.47000000,10.16341400,34
2017-08-18 05:40:00,4291.47000000,4340.62000000,4290.55000000,4340.00000000,7.21480500,62
2017-08-18 05:45:00,4294.50000000,4327.25000000,4274.16000000,4289.88000000,3.59925300,37
2017-08-18 05:50:00,4289.88000000,4327.25000000,4274.16000000,4288.21000000,5.55051900,34
2017-08-18 05:55:00,4325.38000000,4325.38000000,4313.56000000,4313.56000000,0.50508700,13
2017-08-18 06:00:00,4313.56000000,4313.56000000,4300.00000000,4313.56000000,2.34142600,27
2017-08-18 06:05:00,4313.56000000,4316.98000000,4262.32000000,4295.56000000,9.20541500,22
2017-08-18 06:10:00,4295.56000000,4316.98000000,4295.56000000,4316.75000000,2.20332200,18
2017-08-18 06:15:00,4316.75000000,4316.75000000,4297.13000000,4297.13000000,3.10130700,11
2017-08-18 06:20:00,4297.13000000,4304.67000000,4262.32000000,4304.67000000,1.78273000,11
2017-08-18 06:25:00,4304.67000000,4304.67000000,4268.92000000,4289.09000000,5.77772600,14
2017-08-18 06:30:00,4289.09000000,4289.09000000,4261.41000000,4261.41000000,2.46475900,22
2017-08-18 06:35:00,4261.41000000,4287.96000000,4247.75000000,4287.96000000,8.54976200,52
2017-08-18 06:40:00,4287.96000000,4287.96000000,4247.75000000,4265.41000000,5.85319500,33
2017-08-18 06:45:00,4287.96000000,4289.09000000,4247.75000000,4289.09000000,9.37057800,45
2017-08-18 06:50:00,4272.00000000,4291.25000000,4272.00000000,4288.03000000,6.32969500,17
2017-08-18 06:55:00,4288.03000000,4304.66000000,4279.46000000,4279.46000000,7.25550900,26
2017-08-18 07:00:00,4279.46000000,4304.66000000,4279.46000000,4304.66000000,3.56150400,19
2017-08-18 07:05:00,4290.75000000,4290.75000000,4270.50000000,4286.09000000,5.28752900,17
2017-08-18 07:10:00,4286.09000000,4294.88000000,4277.05000000,4294.88000000,2.87882900,18
2017-08-18 07:15:00,4280.53000000,4286.08000000,4275.00000000,4286.05000000,6.44549800,33
2017-08-18 07:20:00,4286.05000000,4286.05000000,4270.48000000,4286.05000000,8.63855000,10
2017-08-18 07:25:00,4286.05000000,4286.05000000,4270.48000000,4286.05000000,7.02191700,13
2017-08-18 07:30:00,4286.05000000,4304.67000000,4270.48000000,4304.67000000,7.46027400,22
2017-08-18 07:35:00,4301.56000000,4301.56000000,4301.56000000,4301.56000000,1.21110900,10
2017-08-18 07:40:00,4301.56000000,4301.56000000,4277.58000000,4300.25000000,5.95954100,22
2017-08-18 07:45:00,4304.67000000,4304.67000000,4294.83000000,4304.67000000,6.94602000,14
2017-08-18 07:50:00,4304.67000000,4304.67000000,4294.83000000,4304.67000000,6.88692100,10
2017-08-18 07:55:00,4304.65000000,4304.65000000,4285.00000000,4300.25000000,6.88911200,15
2017-08-18 08:00:00,4285.00000000,4300.25000000,4285.00000000,4300.25000000,2.60598500,18
2017-08-18 08:05:00,4284.96000000,4300.25000000,4284.96000000,4298.00000000,11.62752100,18
2017-08-18 08:10:00,4298.00000000,4298.00000000,4290.01000000,4298.00000000,4.53058700,17
2017-08-18 08:15:00,4298.00000000,4300.25000000,4298.00000000,4298.00000000,3.64503700,23
2017-08-18 08:20:00,4298.00000000,4300.00000000,4284.33000000,4300.00000000,5.72354700,19
2017-08-18 08:25:00,4300.00000000,4307.41000000,4300.00000000,4306.41000000,8.01384400,24
2017-08-18 08:30:00,4306.41000000,4320.71000000,4306.41000000,4311.09000000,4.24378200,13
2017-08-18 08:35:00,4290.38000000,4311.09000000,4290.38000000,4311.09000000,8.51917100,24
2017-08-18 08:40:00,4310.18000000,4310.18000000,4270.34000000,4286.08000000,11.62845900,26
2017-08-18 08:45:00,4285.76000000,4286.08000000,4270.02000000,4270.02000000,4.01026100,31
2017-08-18 08:50:00,4270.02000000,4285.03000000,4259.85000000,4285.03000000,6.31913700,12
2017-08-18 08:55:00,4277.05000000,4293.55000000,4277.05000000,4282.73000000,3.96251800,22
2017-08-18 09:00:00,4265.33000000,4307.10000000,4265.33000000,4293.47000000,5.54715300,16
2017-08-18 09:05:00,4293.47000000,4307.10000000,4293.47000000,4305.37000000,3.88770800,13
2017-08-18 09:10:00,4305.37000000,4305.37000000,4283.13000000,4301.00000000,5.28820000,9
2017-08-18 09:15:00,4301.00000000,4307.01000000,4301.00000000,4307.00000000,1.48190800,19
2017-08-18 09:20:00,4307.00000000,4307.00000000,4276.88000000,4306.99000000,6.32636300,25
2017-08-18 09:25:00,4306.99000000,4327.25000000,4306.99000000,4307.01000000,3.88849500,19
2017-08-18 09:30:00,4317.60000000,4317.60000000,4307.01000000,4315.20000000,4.26287600,25
2017-08-18 09:35:00,4315.20000000,4315.20000000,4307.16000000,4307.16000000,1.64461900,11
2017-08-18 09:40:00,4307.16000000,4307.16000000,4300.00000000,4300.00000000,1.03655500,19
2017-08-18 09:45:00,4300.00000000,4310.00000000,4276.89000000,4276.89000000,6.49948600,35
2017-08-18 09:50:00,4276.89000000,4310.00000000,4276.89000000,4304.15000000,0.97372500,18
2017-08-18 09:55:00,4304.15000000,4304.15000000,4290.52000000,4304.15000000,4.81606800,19
2017-08-18 10:00:00,4304.15000000,4305.83000000,4304.15000000,4304.15000000,2.09620500,20
2017-08-18 10:05:00,4304.15000000,4315.20000000,4304.15000000,4315.20000000,1.55856100,15
2017-08-18 10:10:00,4296.04000000,4328.19000000,4296.04000000,4315.20000000,6.56583300,15
2017-08-18 10:15:00,4315.20000000,4336.61000000,4315.20000000,4336.61000000,6.10324300,18
2017-08-18 10:20:00,4336.61000000,4342.60000000,4330.26000000,4330.26000000,4.36336300,23
2017-08-18 10:25:00,4316.48000000,4349.00000000,4316.48000000,4349.00000000,7.73061400,12
2017-08-18 10:30:00,4330.26000000,4350.91000000,4330.26000000,4330.26000000,4.40016000,19
2017-08-18 10:35:00,4350.91000000,4371.52000000,4350.91000000,4368.68000000,2.07620700,21
2017-08-18 10:40:00,4371.40000000,4371.52000000,4371.40000000,4371.42000000,7.46258300,25
2017-08-18 10:45:00,4371.42000000,4371.42000000,4332.20000000,4332.20000000,2.25835500,21
2017-08-18 10:50:00,4332.20000000,4357.66000000,4317.91000000,4356.31000000,2.85373100,28
2017-08-18 10:55:00,4338.15000000,4356.31000000,4338.15000000,4356.31000000,4.09482000,10
2017-08-18 11:00:00,4356.31000000,4357.29000000,4327.00000000,4357.29000000,1.54163400,20
2017-08-18 11:05:00,4357.29000000,4357.36000000,4340.01000000,4357.36000000,2.80474100,16
2017-08-18 11:10:00,4357.36000000,4357.37000000,4345.14000000,4353.00000000,3.98599300,13
2017-08-18 11:15:00,4353.00000000,4354.29000000,4343.23000000,4343.23000000,1.26891500,22
2017-08-18 11:20:00,4343.23000000,4343.23000000,4330.00000000,4330.00000000,1.69136800,12
2017-08-18 11:25:00,4330.00000000,4330.00000000,4330.00000000,4330.00000000,1.01122500,13
2017-08-18 11:30:00,4330.00000000,4330.00000000,4329.00000000,4329.00000000,0.79190700,15
2017-08-18 11:35:00,4329.00000000,4343.23000000,4329.00000000,4343.23000000,0.90113500,14
2017-08-18 11:40:00,4343.23000000,4343.23000000,4315.46000000,4327.50000000,6.57688200,10
2017-08-18 11:45:00,4327.50000000,4343.23000000,4302.72000000,4343.23000000,1.79653800,14
2017-08-18 11:50:00,4343.23000000,4343.23000000,4340.31000000,4340.31000000,0.76305300,13
2017-08-18 11:55:00,4340.31000000,4340.31000000,4340.31000000,4340.31000000,0.96005800,16
2017-08-18 12:00:00,4320.52000000,4340.31000000,4320.52000000,4340.31000000,3.89094200,7
2017-08-18 12:05:00,4336.52000000,4336.52000000,4336.52000000,4336.52000000,1.73964100,15
2017-08-18 12:10:00,4336.52000000,4338.80000000,4336.52000000,4338.80000000,0.95557000,21
2017-08-18 12:15:00,4338.80000000,4340.31000000,4326.69000000,4340.31000000,4.86563500,19
2017-08-18 12:20:00,4340.31000000,4340.31000000,4340.31000000,4340.31000000,2.29283800,12
2017-08-18 12:25:00,4340.31000000,4340.31000000,4340.30000000,4340.30000000,0.17308100,6
2017-08-18 12:30:00,4340.30000000,4340.30000000,4340.30000000,4340.30000000,0.31690500,7
2017-08-18 12:35:00,4340.30000000,4340.30000000,4340.30000000,4340.30000000,0.00269300,1
2017-08-18 12:40:00,4331.71000000,4331.71000000,4300.74000000,4331.71000000,0.75776500,6
2017-08-18 12:45:00,4287.79000000,4331.71000000,4287.79000000,4331.71000000,0.12388700,2
2017-08-18 12:50:00,4331.71000000,4331.71000000,4331.71000000,4331.71000000,0.00000000,0
2017-08-18 12:55:00,4331.71000000,4331.71000000,4331.71000000,4331.71000000,0.00000000,0
2017-08-18 13:00:00,4302.97000000,4318.16000000,4302.97000000,4318.16000000,0.04042100,3
2017-08-18 13:05:00,4318.16000000,4318.16000000,4318.16000000,4318.16000000,1.01955800,3
2017-08-18 13:10:00,4318.16000000,4318.16000000,4273.74000000,4307.17000000,8.54699500,16
2017-08-18 13:15:00,4307.17000000,4308.27000000,4307.17000000,4308.27000000,1.79020000,9
2017-08-18 13:20:00,4308.27000000,4308.27000000,4308.27000000,4308.27000000,0.38222100,2
2017-08-18 13:25:00,4278.05000000,4278.05000000,4278.00000000,4278.00000000,0.17946600,12
2017-08-18 13:30:00,4278.00000000,4278.05000000,4221.05000000,4261.99000000,0.59009800,24
2017-08-18 13:35:00,4247.98000000,4278.05000000,4242.02000000,4242.02000000,11.74553500,37
2017-08-18 13:40:00,4262.99000000,4293.65000000,4255.90000000,4293.65000000,12.39261200,28
2017-08-18 13:45:00,4287.09000000,4287.09000000,4287.09000000,4287.09000000,1.56505700,10
2017-08-18 13:50:00,4268.51000000,4288.84000000,4268.51000000,4288.84000000,6.82538300,18
2017-08-18 13:55:00,4288.84000000,4293.09000000,4288.84000000,4293.09000000,1.45622100,15
2017-08-18 14:00:00,4293.09000000,4293.09000000,4271.49000000,4293.05000000,4.94955500,14
2017-08-18 14:05:00,4285.71000000,4288.61000000,4261.77000000,4273.61000000,9.97877100,21
2017-08-18 14:10:00,4273.61000000,4286.72000000,4261.88000000,4272.92000000,4.84804200,16
2017-08-18 14:15:00,4272.92000000,4272.92000000,4272.92000000,4272.92000000,0.61302700,7
2017-08-18 14:20:00,4258.97000000,4258.97000000,4224.72000000,4243.91000000,8.34282900,18
2017-08-18 14:25:00,4232.58000000,4257.63000000,4232.16000000,4256.79000000,13.13918700,31
2017-08-18 14:30:00,4229.42000000,4252.92000000,4193.70000000,4221.83000000,9.36417300,20
2017-08-18 14:35:00,4221.83000000,4221.83000000,4200.02000000,4221.83000000,7.69968700,44
2017-08-18 14:40:00,4204.76000000,4243.72000000,4204.76000000,4243.72000000,1.92419700,13
2017-08-18 14:45:00,4232.82000000,4249.85000000,4232.82000000,4247.83000000,7.45740400,15
2017-08-18 14:50:00,4247.83000000,4247.83000000,4240.32000000,4247.83000000,4.80048300,16
2017-08-18 14:55:00,4247.83000000,4259.40000000,4247.83000000,4259.40000000,1.25158800,10
2017-08-18 15:00:00,4259.40000000,4259.40000000,4255.00000000,4255.00000000,1.42622700,14
2017-08-18 15:05:00,4255.00000000,4256.97000000,4232.83000000,4256.97000000,4.50563700,15
2017-08-18 15:10:00,4256.97000000,4256.97000000,4253.71000000,4253.71000000,2.75867200,20
2017-08-18 15:15:00,4249.42000000,4249.42000000,4249.42000000,4249.42000000,0.56209100,9
2017-08-18 15:20:00,4249.42000000,4249.42000000,4209.50000000,4225.84000000,6.18897700,14
2017-08-18 15:25:00,4225.84000000,4229.86000000,4225.84000000,4229.86000000,2.87608000,22
2017-08-18 15:30:00,4200.00000000,4229.86000000,4200.00000000,4229.86000000,0.82476200,16
2017-08-18 15:35:00,4229.86000000,4249.51000000,4229.85000000,4249.51000000,5.35807500,20
2017-08-18 15:40:00,4249.51000000,4249.51000000,4248.00000000,4249.51000000,1.21415600,12
2017-08-18 15:45:00,4248.00000000,4248.95000000,4248.00000000,4248.95000000,1.46694000,12
2017-08-18 15:50:00,4234.54000000,4248.95000000,4234.54000000,4236.89000000,3.80158400,25
2017-08-18 15:55:00,4236.89000000,4244.17000000,4234.54000000,4236.89000000,8.96451600,20
2017-08-18 16:00:00,4234.54000000,4236.89000000,4234.54000000,4235.90000000,1.10505300,13
2017-08-18 16:05:00,4235.90000000,4243.84000000,4235.90000000,4243.84000000,1.75409700,15
2017-08-18 16:10:00,4239.18000000,4249.51000000,4239.18000000,4249.51000000,5.75076000,24
2017-08-18 16:15:00,4249.51000000,4268.52000000,4234.54000000,4268.52000000,5.45212700,15
2017-08-18 16:20:00,4252.71000000,4275.63000000,4252.71000000,4275.63000000,5.14759000,18
2017-08-18 16:25:00,4275.63000000,4275.63000000,4273.78000000,4273.78000000,1.77013000,18
2017-08-18 16:30:00,4273.78000000,4275.63000000,4250.63000000,4266.72000000,5.29657800,16
2017-08-18 16:35:00,4266.72000000,4266.72000000,4254.88000000,4266.72000000,3.24088900,14
2017-08-18 16:40:00,4266.72000000,4266.72000000,4266.70000000,4266.70000000,0.89412500,14
2017-08-18 16:45:00,4262.38000000,4283.79000000,4262.38000000,4267.00000000,5.32431200,20
2017-08-18 16:50:00,4267.00000000,4267.01000000,4266.70000000,4266.70000000,7.10216000,17
2017-08-18 16:55:00,4251.80000000,4251.80000000,4250.34000000,4250.34000000,2.20100300,13
2017-08-18 17:00:00,4250.34000000,4250.34000000,4237.63000000,4240.73000000,11.80647600,16
2017-08-18 17:05:00,4240.73000000,4240.73000000,4227.35000000,4230.12000000,10.83273300,18
2017-08-18 17:10:00,4230.12000000,4230.12000000,4210.00000000,4226.84000000,9.36393800,25
2017-08-18 17:15:00,4226.84000000,4231.86000000,4226.84000000,4231.86000000,1.92939900,11
2017-08-18 17:20:00,4231.86000000,4246.93000000,4231.86000000,4231.86000000,2.39150600,14
2017-08-18 17:25:00,4219.48000000,4231.86000000,4197.73000000,4197.73000000,6.19003900,11
2017-08-18 17:30:00,4176.64000000,4176.64000000,4093.73000000,4093.73000000,2.36668000,9
2017-08-18 17:35:00,4102.78000000,4126.45000000,4066.53000000,4126.44000000,8.68178300,15
2017-08-18 17:40:00,4158.56000000,4158.56000000,4158.56000000,4158.56000000,0.24006900,1
2017-08-18 17:45:00,4155.00000000,4175.37000000,4140.84000000,4161.59000000,5.06815400,17
2017-08-18 17:50:00,4161.59000000,4197.73000000,4161.58000000,4197.73000000,2.77859200,17
2017-08-18 17:55:00,4193.35000000,4193.35000000,4146.35000000,4193.35000000,1.04209700,10
2017-08-18 18:00:00,4171.17000000,4192.00000000,4171.17000000,4192.00000000,0.98799400,7
2017-08-18 18:05:00,4174.32000000,4174.32000000,4144.33000000,4174.32000000,4.23905200,18
2017-08-18 18:10:00,4174.32000000,4174.32000000,4160.00000000,4174.00000000,1.50044700,17
2017-08-18 18:15:00,4161.57000000,4176.64000000,4128.00000000,4161.57000000,5.59670000,22
2017-08-18 18:20:00,4176.64000000,4176.64000000,4173.63000000,4173.63000000,1.35797100,17
2017-08-18 18:25:00,4173.63000000,4297.75000000,4173.00000000,4173.00000000,2.82152000,16
2017-08-18 18:30:00,4172.99000000,4177.41000000,4158.55000000,4177.41000000,3.95304000,24
2017-08-18 18:35:00,4175.00000000,4175.00000000,4175.00000000,4175.00000000,0.19218400,1
2017-08-18 18:40:00,4166.77000000,4175.00000000,4166.77000000,4175.00000000,0.16144100,2
2017-08-18 18:45:00,4160.00000000,4160.00000000,4158.55000000,4158.55000000,0.31401100,2
2017-08-18 18:50:00,4152.08000000,4152.08000000,4135.00000000,4135.00000000,0.25022600,7
2017-08-18 18:55:00,4127.92000000,4151.00000000,4117.41000000,4117.41000000,3.94406800,41
2017-08-18 19:00:00,4086.28000000,4131.00000000,4032.59000000,4078.00000000,14.29982200,45
2017-08-18 19:05:00,4078.00000000,4078.00000000,4020.51000000,4020.51000000,3.85065800,20
2017-08-18 19:10:00,4050.00000000,4061.29000000,4047.09000000,4047.09000000,4.53831200,15
2017-08-18 19:15:00,4031.39000000,4033.07000000,4015.70000000,4015.70000000,1.89409800,3
2017-08-18 19:20:00,4015.70000000,4015.70000000,4015.70000000,4015.70000000,0.00000000,0
2017-08-18 19:25:00,4052.96000000,4078.53000000,4052.96000000,4066.21000000,0.15985400,5
2017-08-18 19:30:00,4066.21000000,4106.37000000,4051.67000000,4106.36000000,9.01437000,25
2017-08-18 19:35:00,4106.36000000,4106.36000000,4093.28000000,4105.36000000,6.42827300,23
2017-08-18 19:40:00,4105.36000000,4117.41000000,4082.00000000,4089.05000000,6.96359900,26
2017-08-18 19:45:00,4089.05000000,4106.37000000,4053.16000000,4106.37000000,5.28430400,25
2017-08-18 19:50:00,4068.57000000,4131.34000000,4068.57000000,4108.82000000,3.07146300,13
2017-08-18 19:55:00,4131.34000000,4136.48000000,4074.28000000,4136.28000000,5.09327300,18
2017-08-18 20:00:00,4135.00000000,4135.00000000,4044.25000000,4100.00000000,2.53962100,19
2017-08-18 20:05:00,4072.12000000,4109.47000000,4072.12000000,4082.15000000,1.47903700,14
2017-08-18 20:10:00,4066.21000000,4082.15000000,4034.23000000,4082.15000000,0.37453100,3
2017-08-18 20:15:00,4082.15000000,4082.15000000,4082.15000000,4082.15000000,0.04521000,4
2017-08-18 20:20:00,4082.15000000,4082.15000000,4082.15000000,4082.15000000,0.00000000,0
2017-08-18 20:25:00,4046.51000000,4061.19000000,4010.90000000,4010.90000000,4.59931100,16
2017-08-18 20:30:00,4043.92000000,4061.00000000,3999.00000000,3999.00000000,3.07220600,30
2017-08-18 20:35:00,3999.00000000,4048.12000000,3999.00000000,4047.00000000,0.97156200,16
2017-08-18 20:40:00,4021.98000000,4026.83000000,3981.13000000,4026.82000000,4.89948700,24
2017-08-18 20:45:00,4015.40000000,4026.82000000,4015.40000000,4015.40000000,0.89492200,10
2017-08-18 20:50:00,4026.82000000,4026.82000000,4021.11000000,4021.11000000,0.89626000,14
2017-08-18 20:55:00,4026.81000000,4026.81000000,4021.11000000,4021.11000000,0.19589000,5
2017-08-18 21:00:00,4015.40000000,4015.40000000,3956.30000000,3956.30000000,2.85136300,14
2017-08-18 21:05:00,3956.30000000,3985.89000000,3949.36000000,3985.89000000,1.64973800,15
2017-08-18 21:10:00,3985.89000000,3985.89000000,3971.09000000,3985.89000000,0.11326600,3
2017-08-18 21:15:00,3971.09000000,3985.88000000,3971.09000000,3985.88000000,0.95630400,9
2017-08-18 21:20:00,3985.89000000,4006.33000000,3985.89000000,4006.33000000,0.61673400,9
2017-08-18 21:25:00,4000.95000000,4000.95000000,3980.00000000,3982.87000000,0.94841000,13
2017-08-18 21:30:00,3982.87000000,3982.87000000,3981.43000000,3981.43000000,0.13920900,3
2017-08-18 21:35:00,3980.00000000,3980.00000000,3960.00000000,3960.00000000,0.14510100,3
2017-08-18 21:40:00,3956.30000000,3976.00000000,3938.77000000,3976.00000000,1.61848700,15
2017-08-18 21:45:00,3966.69000000,3966.69000000,3966.69000000,3966.69000000,0.01594800,1
2017-08-18 21:50:00,3976.00000000,3976.00000000,3966.69000000,3975.69000000,1.52378700,20
2017-08-18 21:55:00,3975.69000000,3980.00000000,3972.33000000,3975.69000000,4.16028400,49
2017-08-18 22:00:00,3996.92000000,3996.92000000,3938.77000000,3996.92000000,4.56019000,17
2017-08-18 22:05:00,3996.92000000,4000.95000000,3996.92000000,4000.95000000,2.65272900,16
2017-08-18 22:10:00,4000.95000000,4061.18000000,4000.95000000,4061.18000000,2.77160100,19
2017-08-18 22:15:00,4061.00000000,4061.00000000,4061.00000000,4061.00000000,1.03512300,11
2017-08-18 22:20:00,4061.00000000,4061.00000000,4030.44000000,4061.00000000,6.27045300,19
2017-08-18 22:25:00,4061.00000000,4094.00000000,4030.44000000,4094.00000000,7.31342900,72
2017-08-18 22:30:00,4062.21000000,4131.83000000,4062.21000000,4101.35000000,1.54077900,10
2017-08-18 22:35:00,4088.41000000,4088.41000000,4088.41000000,4088.41000000,0.00922800,2
2017-08-18 22:40:00,4088.41000000,4088.41000000,4088.41000000,4088.41000000,0.00000000,0
2017-08-18 22:45:00,4088.41000000,4101.35000000,4064.76000000,4101.35000000,3.22267600,35
2017-08-18 22:50:00,4101.35000000,4101.35000000,4101.35000000,4101.35000000,0.02607300,1
2017-08-18 22:55:00,4099.01000000,4113.75000000,4099.01000000,4113.75000000,0.50392400,7
2017-08-18 23:00:00,4106.35000000,4106.35000000,4101.40000000,4101.40000000,0.33400500,7
2017-08-18 23:05:00,4099.01000000,4099.01000000,4087.59000000,4099.01000000,1.14753600,3
2017-08-18 23:10:00,4087.50000000,4101.40000000,4085.88000000,4101.40000000,1.22888600,15
2017-08-18 23:15:00,4099.01000000,4131.83000000,4099.01000000,4131.83000000,7.97917500,24
2017-08-18 23:20:00,4131.83000000,4136.48000000,4131.83000000,4135.47000000,3.74028200,16
2017-08-18 23:25:00,4118.41000000,4119.42000000,4104.96000000,4119.42000000,6.47066700,19
2017-08-18 23:30:00,4119.42000000,4120.42000000,4119.42000000,4120.42000000,3.38652100,24
2017-08-18 23:35:00,4120.42000000,4120.42000000,4120.42000000,4120.42000000,0.81054400,11
2017-08-18 23:40:00,4120.42000000,4120.42000000,4097.26000000,4120.42000000,4.65911000,10
2017-08-18 23:45:00,4120.42000000,4120.42000000,4115.48000000,4115.48000000,2.03881300,18
2017-08-18 23:50:00,4115.48000000,4115.48000000,4091.53000000,4115.00000000,9.43218800,35
2017-08-18 23:55:00,4115.00000000,4115.40000000,4108.37000000,4108.37000000,3.70910900,32
2017-08-19 00:00:00,4108.37000000,4108.37000000,4106.44000000,4106.44000000,1.82778900,15
2017-08-19 00:05:00,4104.36000000,4121.81000000,4097.94000000,4116.41000000,6.62939000,25
2017-08-19 00:10:00,4110.38000000,4111.39000000,4091.52000000,4110.38000000,5.87516500,29
2017-08-19 00:15:00,4110.38000000,4116.40000000,4100.00000000,4116.40000000,1.44826100,19
2017-08-19 00:20:00,4116.40000000,4132.04000000,4084.28000000,4090.81000000,3.87909800,14
2017-08-19 00:25:00,4132.04000000,4135.47000000,4125.44000000,4125.44000000,2.65394900,17
2017-08-19 00:30:00,4125.44000000,4125.44000000,4110.47000000,4125.44000000,1.20916400,10
2017-08-19 00:35:00,4120.00000000,4120.00000000,4115.23000000,4120.00000000,5.82489500,8
2017-08-19 00:40:00,4119.00000000,4120.00000000,4119.00000000,4120.00000000,3.11307000,14
2017-08-19 00:45:00,4120.00000000,4125.45000000,4115.00000000,4125.45000000,4.01861800,14
2017-08-19 00:50:00,4125.44000000,4178.31000000,4125.44000000,4178.31000000,3.74241400,22
2017-08-19 00:55:00,4163.49000000,4163.49000000,4142.78000000,4163.49000000,1.08706400,9
2017-08-19 01:00:00,4163.49000000,4178.31000000,4163.49000000,4178.31000000,0.19430700,6
2017-08-19 01:05:00,4160.71000000,4160.71000000,4143.11000000,4143.11000000,0.02578800,2
2017-08-19 01:10:00,4156.99000000,4156.99000000,4156.99000000,4156.99000000,1.22722100,12
2017-08-19 01:15:00,4156.99000000,4156.99000000,4156.99000000,4156.99000000,0.73482500,9
2017-08-19 01:20:00,4156.99000000,4156.99000000,4156.99000000,4156.99000000,0.00451500,2
2017-08-19 01:25:00,4156.99000000,4156.99000000,4156.99000000,4156.99000000,1.55765200,19
2017-08-19 01:30:00,4156.99000000,4184.68000000,4156.99000000,4184.68000000,0.62269800,7
2017-08-19 01:35:00,4184.68000000,4184.69000000,4170.59000000,4181.66000000,8.02842800,24
2017-08-19 01:40:00,4181.66000000,4181.66000000,4176.65000000,4176.65000000,1.49403100,16
2017-08-19 01:45:00,4159.88000000,4183.16000000,4159.88000000,4183.16000000,5.90344900,14
2017-08-19 01:50:00,4183.16000000,4183.16000000,4154.41000000,4167.61000000,5.60954100,19
2017-08-19 01:55:00,4167.61000000,4167.61000000,4148.53000000,4148.53000000,3.43272200,16
2017-08-19 02:00:00,4148.53000000,4149.49000000,4148.53000000,4149.49000000,1.98382100,9
2017-08-19 02:05:00,4149.49000000,4152.55000000,4149.49000000,4152.55000000,1.35690000,8
2017-08-19 02:10:00,4152.55000000,4152.55000000,4151.02000000,4152.55000000,4.26843300,7
2017-08-19 02:15:00,4152.55000000,4168.07000000,4152.55000000,4168.07000000,3.23945500,12
2017-08-19 02:20:00,4168.07000000,4168.07000000,4168.07000000,4168.07000000,2.20005900,23
2017-08-19 02:25:00,4158.77000000,4168.07000000,4158.77000000,4168.07000000,0.29929100,5
2017-08-19 02:30:00,4168.07000000,4170.02000000,4156.39000000,4170.00000000,1.88013100,22
2017-08-19 02:35:00,4163.19000000,4170.00000000,4163.19000000,4170.00000000,2.45444200,22
2017-08-19 02:40:00,4163.19000000,4170.00000000,4163.19000000,4170.00000000,0.69194500,7
2017-08-19 02:45:00,4170.19000000,4184.00000000,4170.19000000,4184.00000000,0.07579400,2
2017-08-19 02:50:00,4184.00000000,4184.00000000,4184.00000000,4184.00000000,0.20420300,3
2017-08-19 02:55:00,4156.39000000,4156.39000000,4156.39000000,4156.39000000,0.10000000,1
2017-08-19 03:00:00,4156.39000000,4156.39000000,4156.39000000,4156.39000000,0.00000000,0
2017-08-19 03:05:00,4180.00000000,4180.00000000,4156.39000000,4156.39000000,0.03193400,5
2017-08-19 03:10:00,4142.78000000,4155.56000000,4131.19000000,4155.56000000,0.39181500,6
2017-08-19 03:15:00,4149.17000000,4155.56000000,4120.00000000,4140.00000000,4.94383900,24
2017-08-19 03:20:00,4140.00000000,4157.65000000,4138.00000000,4157.65000000,2.51004200,26
2017-08-19 03:25:00,4156.00000000,4157.65000000,4156.00000000,4156.00000000,0.71221800,16
2017-08-19 03:30:00,4121.00000000,4130.34000000,4103.52000000,4116.41000000,1.06800300,7
2017-08-19 03:35:00,4116.00000000,4116.00000000,4116.00000000,4116.00000000,0.45053300,1
2017-08-19 03:40:00,4116.00000000,4116.00000000,4116.00000000,4116.00000000,0.00000000,0
2017-08-19 03:45:00,4143.25000000,4143.25000000,4143.25000000,4143.25000000,0.00675200,1
2017-08-19 03:50:00,4143.00000000,4156.00000000,4125.69000000,4138.55000000,8.37146100,18
2017-08-19 03:55:00,4125.44000000,4138.55000000,4125.44000000,4138.55000000,1.12532300,18
2017-08-19 04:00:00,4138.50000000,4138.55000000,4110.06000000,4138.55000000,2.48026300,12
2017-08-19 04:05:00,4138.55000000,4156.00000000,4134.00000000,4156.00000000,5.44097700,24
2017-08-19 04:10:00,4156.00000000,4156.00000000,4156.00000000,4156.00000000,1.53208100,11
2017-08-19 04:15:00,4134.00000000,4156.00000000,4134.00000000,4156.00000000,0.26715500,7
2017-08-19 04:20:00,4146.00000000,4146.00000000,4146.00000000,4146.00000000,0.07747500,2
2017-08-19 04:25:00,4112.00000000,4156.00000000,4076.63000000,4130.00000000,5.16273000,18
2017-08-19 04:30:00,4130.00000000,4130.00000000,4130.00000000,4130.00000000,0.07461100,3
2017-08-19 04:35:00,4105.38000000,4105.38000000,4057.96000000,4057.96000000,1.00400100,3
2017-08-19 04:40:00,4092.63000000,4140.00000000,4092.63000000,4140.00000000,0.37390600,5
2017-08-19 04:45:00,4140.00000000,4140.00000000,4140.00000000,4140.00000000,0.12903700,2
2017-08-19 04:50:00,4092.04000000,4092.04000000,4092.04000000,4092.04000000,0.07200000,1
2017-08-19 04:55:00,4046.26000000,4068.63000000,4046.26000000,4068.26000000,0.73899600,10
2017-08-19 05:00:00,4123.95000000,4123.95000000,4122.00000000,4122.00000000,0.15239500,2
2017-08-19 05:05:00,4120.00000000,4122.00000000,4120.00000000,4122.00000000,1.32396800,8
2017-08-19 05:10:00,4122.00000000,4122.00000000,4122.00000000,4122.00000000,1.54247200,5
2017-08-19 05:15:00,4122.00000000,4123.95000000,4122.00000000,4123.95000000,4.03252300,13
2017-08-19 05:20:00,4111.38000000,4111.38000000,4084.11000000,4084.11000000,0.73267500,9
2017-08-19 05:25:00,4084.11000000,4084.11000000,4047.71000000,4047.71000000,0.76837100,4
2017-08-19 05:30:00,4047.71000000,4047.71000000,4027.83000000,4027.83000000,2.32330500,7
2017-08-19 05:35:00,4039.71000000,4082.27000000,4039.71000000,4048.65000000,0.26466200,6
2017-08-19 05:40:00,4082.00000000,4082.00000000,4082.00000000,4082.00000000,0.19503300,1
2017-08-19 05:45:00,4077.00000000,4077.00000000,4064.57000000,4077.00000000,0.64543700,6
2017-08-19 05:50:00,4077.00000000,4077.00000000,4077.00000000,4077.00000000,0.02753500,3
2017-08-19 05:55:00,4077.00000000,4077.00000000,4077.00000000,4077.00000000,0.50581800,2
2017-08-19 06:00:00,4077.00000000,4077.00000000,4077.00000000,4077.00000000,2.32248900,3
2017-08-19 06:05:00,4077.00000000,4078.32000000,4064.57000000,4064.57000000,14.03372500,28
2017-08-19 06:10:00,4062.19000000,4062.19000000,4026.34000000,4061.00000000,4.20536900,17
2017-08-19 06:15:00,4080.00000000,4082.00000000,4060.36000000,4082.00000000,6.01910900,18
2017-08-19 06:20:00,4070.43000000,4082.00000000,4040.25000000,4050.00000000,6.32440200,12
2017-08-19 06:25:00,4054.16000000,4067.09000000,4045.59000000,4045.59000000,6.13754600,16
2017-08-19 06:30:00,4064.85000000,4064.85000000,4052.59000000,4052.59000000,2.05283700,14
2017-08-19 06:35:00,4048.23000000,4048.23000000,4046.10000000,4046.12000000,5.70000800,21
2017-08-19 06:40:00,4046.12000000,4046.12000000,4033.47000000,4033.47000000,2.37581400,12
2017-08-19 06:45:00,4030.00000000,4033.47000000,4019.98000000,4033.47000000,0.65687300,12
2017-08-19 06:50:00,4019.98000000,4033.47000000,4019.98000000,4033.47000000,0.14017900,5
2017-08-19 06:55:00,4001.00000000,4001.00000000,3986.87000000,3986.87000000,1.48708000,9
2017-08-19 07:00:00,3969.12000000,3970.83000000,3933.21000000,3933.21000000,1.13105700,9
2017-08-19 07:05:00,3940.00000000,3986.87000000,3940.00000000,3986.87000000,4.50655000,14
2017-08-19 07:10:00,3951.14000000,3999.14000000,3951.14000000,3999.14000000,2.41812000,24
2017-08-19 07:15:00,3998.98000000,3999.00000000,3998.98000000,3999.00000000,0.51966200,11
2017-08-19 07:20:00,3999.15000000,3999.15000000,3970.00000000,3999.15000000,0.45338000,5
2017-08-19 07:25:00,3999.15000000,3999.15000000,3999.15000000,3999.15000000,0.00000000,0
2017-08-19 07:30:00,3999.15000000,4019.01000000,3999.15000000,4001.91000000,6.11312900,16
2017-08-19 07:35:00,4001.91000000,4015.77000000,3984.51000000,4004.96000000,5.75838400,20
2017-08-19 07:40:00,4004.96000000,4005.97000000,4002.00000000,4005.97000000,5.16535400,20
2017-08-19 07:45:00,4005.97000000,4005.97000000,3977.19000000,4005.97000000,1.56911300,6
2017-08-19 07:50:00,4005.97000000,4033.46000000,4005.97000000,4021.03000000,1.82375200,20
2017-08-19 07:55:00,4021.03000000,4033.47000000,4021.03000000,4033.47000000,1.97072100,17
2017-08-19 08:00:00,4033.47000000,4045.70000000,4033.47000000,4045.70000000,4.09962200,18
2017-08-19 08:05:00,4045.70000000,4064.84000000,4023.88000000,4048.13000000,1.99346400,18
2017-08-19 08:10:00,4048.13000000,4048.13000000,4028.18000000,4048.13000000,5.41753500,28
2017-08-19 08:15:00,4048.13000000,4048.13000000,4039.85000000,4039.85000000,1.30782800,9
2017-08-19 08:20:00,4039.85000000,4039.85000000,4035.08000000,4035.08000000,0.06126600,3
2017-08-19 08:25:00,4035.08000000,4035.08000000,4035.08000000,4035.08000000,0.00000000,0
2017-08-19 08:30:00,4013.89000000,4035.08000000,4013.89000000,4013.89000000,1.30212500,13
2017-08-19 08:35:00,4013.89000000,4013.89000000,4013.89000000,4013.89000000,0.01984000,2
2017-08-19 08:40:00,4014.47000000,4014.47000000,4014.47000000,4014.47000000,0.00646100,1
2017-08-19 08:45:00,4000.00000000,4000.00000000,4000.00000000,4000.00000000,0.21200000,3
2017-08-19 08:50:00,4000.00000000,4000.00000000,3964.08000000,3965.08000000,3.51800200,14
2017-08-19 08:55:00,3999.00000000,3999.00000000,3975.54000000,3999.00000000,0.06826200,3
2017-08-19 09:00:00,3999.00000000,3999.00000000,3999.00000000,3999.00000000,0.00000000,0
2017-08-19 09:05:00,3999.00000000,4007.23000000,3999.00000000,4007.23000000,0.77028700,6
2017-08-19 09:10:00,4014.47000000,4020.02000000,4010.01000000,4020.02000000,1.46639400,8
2017-08-19 09:15:00,4020.02000000,4035.00000000,4014.72000000,4035.00000000,0.21922300,6
2017-08-19 09:20:00,4035.00000000,4035.00000000,4035.00000000,4035.00000000,0.60443100,7
2017-08-19 09:25:00,4021.04000000,4036.08000000,4021.04000000,4021.04000000,1.10162700,6
2017-08-19 09:30:00,4021.04000000,4021.04000000,4021.04000000,4021.04000000,0.00000000,0
2017-08-19 09:35:00,4049.74000000,4054.72000000,4049.74000000,4054.72000000,0.09416700,2
2017-08-19 09:40:00,4054.72000000,4082.25000000,4054.72000000,4082.25000000,0.91036100,12
2017-08-19 09:45:00,4082.25000000,4082.25000000,4082.25000000,4082.25000000,0.00000000,0
2017-08-19 09:50:00,4068.20000000,4068.20000000,4068.20000000,4068.20000000,0.01773300,1
2017-08-19 09:55:00,4068.20000000,4068.20000000,4068.20000000,4068.20000000,0.00000000,0
2017-08-19 10:00:00,4054.00000000,4054.00000000,4054.00000000,4054.00000000,0.03062800,1
2017-08-19 10:05:00,4054.00000000,4054.00000000,4054.00000000,4054.00000000,0.00000000,0
2017-08-19 10:10:00,4015.37000000,4054.00000000,4015.37000000,4054.00000000,0.64226800,8
2017-08-19 10:15:00,4054.00000000,4082.00000000,4033.51000000,4033.51000000,2.51305900,17
2017-08-19 10:20:00,4033.51000000,4033.51000000,4033.51000000,4033.51000000,0.53890200,5
2017-08-19 10:25:00,4000.58000000,4000.58000000,4000.58000000,4000.58000000,0.16900000,2
2017-08-19 10:30:00,4033.00000000,4033.00000000,4033.00000000,4033.00000000,0.10621900,1
2017-08-19 10:35:00,4033.00000000,4033.00000000,4033.00000000,4033.00000000,0.00000000,0
2017-08-19 10:40:00,4000.58000000,4008.28000000,3982.08000000,3982.08000000,0.19780100,6
2017-08-19 10:45:00,4000.10000000,4000.58000000,4000.10000000,4000.10000000,0.21100000,3
2017-08-19 10:50:00,4000.10000000,4000.10000000,4000.10000000,4000.10000000,0.00000000,0
2017-08-19 10:55:00,3992.28000000,4000.58000000,3992.28000000,4000.58000000,1.47795400,16
2017-08-19 11:00:00,4016.00000000,4033.00000000,4000.00000000,4016.01000000,1.55398300,20
2017-08-19 11:05:00,4016.01000000,4016.01000000,3969.07000000,3969.07000000,3.26567700,34
2017-08-19 11:10:00,3995.92000000,4007.97000000,3994.96000000,3998.95000000,1.13481000,8
2017-08-19 11:15:00,3984.01000000,4007.97000000,3952.11000000,3952.11000000,10.73395400,24
2017-08-19 11:20:00,3978.03000000,3990.71000000,3952.08000000,3990.71000000,5.24014800,45
2017-08-19 11:25:00,3990.71000000,4003.96000000,3951.14000000,3960.76000000,6.57877300,21
2017-08-19 11:30:00,3981.81000000,4002.87000000,3933.21000000,3972.12000000,3.84928600,19
2017-08-19 11:35:00,3972.12000000,3972.12000000,3907.52000000,3970.92000000,2.07137000,18
2017-08-19 11:40:00,3900.00000000,3970.90000000,3882.59000000,3970.58000000,4.58987000,12
2017-08-19 11:45:00,3920.59000000,3970.56000000,3850.00000000,3903.79000000,5.09779200,25
2017-08-19 11:50:00,3942.05000000,3942.05000000,3896.02000000,3942.04000000,2.49753300,19
2017-08-19 11:55:00,3942.04000000,3957.60000000,3940.00000000,3957.60000000,1.56538700,17
2017-08-19 12:00:00,3945.12000000,3945.12000000,3945.12000000,3945.12000000,0.23442600,1
2017-08-19 12:05:00,3945.12000000,3945.12000000,3945.12000000,3945.12000000,0.00000000,0
2017-08-19 12:10:00,3940.76000000,3971.12000000,3940.76000000,3968.35000000,0.67563500,7
2017-08-19 12:15:00,3987.71000000,3987.71000000,3945.12000000,3945.12000000,0.31059400,7
2017-08-19 12:20:00,3928.89000000,4002.88000000,3928.89000000,4002.88000000,2.59538200,22
2017-08-19 12:25:00,4021.01000000,4033.00000000,3981.50000000,4033.00000000,2.59257400,26
2017-08-19 12:30:00,3999.96000000,4049.91000000,3991.51000000,4033.00000000,1.87042700,22
2017-08-19 12:35:00,4012.25000000,4057.80000000,4012.25000000,4046.83000000,1.79552400,19
2017-08-19 12:40:00,4045.69000000,4095.00000000,4044.56000000,4082.00000000,7.27505100,34
2017-08-19 12:45:00,4095.00000000,4095.00000000,4090.25000000,4095.00000000,2.65139500,18
2017-08-19 12:50:00,4090.25000000,4095.00000000,4075.64000000,4075.64000000,1.68209100,12
2017-08-19 12:55:00,4095.00000000,4095.00000000,4085.32000000,4095.00000000,0.54788500,5
2017-08-19 13:00:00,4095.00000000,4100.00000000,4095.00000000,4100.00000000,0.31612900,5
2017-08-19 13:05:00,4100.00000000,4100.00000000,4059.92000000,4059.92000000,0.17232700,3
2017-08-19 13:10:00,4059.92000000,4059.92000000,4059.92000000,4059.92000000,0.00000000,0
2017-08-19 13:15:00,4059.92000000,4059.92000000,4059.92000000,4059.92000000,0.00000000,0
2017-08-19 13:20:00,4059.92000000,4059.92000000,4059.92000000,4059.92000000,0.00000000,0
2017-08-19 13:25:00,4097.00000000,4100.00000000,4059.93000000,4059.93000000,4.77636700,6
2017-08-19 13:30:00,4059.92000000,4099.78000000,4059.92000000,4099.78000000,3.07952800,20
2017-08-19 13:35:00,4095.75000000,4095.75000000,4070.92000000,4095.74000000,1.63018700,12
2017-08-19 13:40:00,4083.27000000,4083.27000000,4066.21000000,4066.21000000,0.29453100,3
2017-08-19 13:45:00,4066.21000000,4066.21000000,4066.21000000,4066.21000000,0.00000000,0
2017-08-19 13:50:00,4066.21000000,4066.21000000,4066.21000000,4066.21000000,0.00000000,0
2017-08-19 13:55:00,4053.38000000,4053.38000000,4035.49000000,4039.84000000,2.43659500,5
2017-08-19 14:00:00,4066.00000000,4066.00000000,4013.70000000,4013.70000000,0.92421000,8
2017-08-19 14:05:00,4030.28000000,4030.28000000,4030.28000000,4030.28000000,0.09200000,2
2017-08-19 14:10:00,4066.00000000,4066.00000000,4037.21000000,4037.21000000,0.19316100,2
2017-08-19 14:15:00,4066.00000000,4068.31000000,4045.19000000,4045.19000000,0.67828000,3
2017-08-19 14:20:00,4045.19000000,4045.19000000,4045.19000000,4045.19000000,0.00000000,0
2017-08-19 14:25:00,4045.00000000,4045.00000000,4027.21000000,4027.21000000,0.15779400,3
2017-08-19 14:30:00,4045.00000000,4045.00000000,4045.00000000,4045.00000000,0.01696200,1
2017-08-19 14:35:00,4045.00000000,4045.00000000,4045.00000000,4045.00000000,1.59071700,4
2017-08-19 14:40:00,4039.78000000,4045.19000000,4039.78000000,4045.19000000,0.01066500,2
2017-08-19 14:45:00,4045.16000000,4045.16000000,4039.78000000,4039.78000000,0.17684200,2
2017-08-19 14:50:00,4039.78000000,4039.78000000,4039.78000000,4039.78000000,0.00000000,0
2017-08-19 14:55:00,4029.68000000,4042.41000000,4029.68000000,4042.41000000,0.49379500,7
2017-08-19 15:00:00,4036.59000000,4063.44000000,4036.59000000,4063.44000000,2.95891000,10
2017-08-19 15:05:00,4045.19000000,4063.44000000,4045.19000000,4063.44000000,0.69763300,9
2017-08-19 15:10:00,4045.38000000,4049.70000000,4040.23000000,4049.70000000,1.26611100,12
2017-08-19 15:15:00,4049.70000000,4049.70000000,4040.23000000,4040.23000000,0.12663200,4
2017-08-19 15:20:00,4031.06000000,4031.06000000,4031.06000000,4031.06000000,0.84716500,4
2017-08-19 15:25:00,4030.78000000,4030.78000000,4016.96000000,4016.96000000,0.39244200,6
2017-08-19 15:30:00,4016.96000000,4016.96000000,4016.96000000,4016.96000000,0.00000000,0
2017-08-19 15:35:00,3995.63000000,3995.63000000,3995.62000000,3995.63000000,0.26500100,4
2017-08-19 15:40:00,3991.51000000,3991.51000000,3991.51000000,3991.51000000,0.01700000,1
2017-08-19 15:45:00,3991.51000000,3991.51000000,3964.67000000,3977.85000000,0.43078200,5
2017-08-19 15:50:00,3977.85000000,3977.85000000,3977.85000000,3977.85000000,0.07521800,1
2017-08-19 15:55:00,3977.85000000,3977.85000000,3972.05000000,3972.05000000,1.16761000,3
2017-08-19 16:00:00,3972.05000000,3972.05000000,3972.05000000,3972.05000000,0.00000000,0
2017-08-19 16:05:00,4036.19000000,4036.19000000,4023.04000000,4023.04000000,0.01041800,2
2017-08-19 16:10:00,4049.69000000,4049.69000000,4049.69000000,4049.69000000,0.06600000,1
2017-08-19 16:15:00,3994.33000000,4049.69000000,3994.33000000,4049.69000000,0.75827500,6
2017-08-19 16:20:00,4049.69000000,4049.69000000,4049.69000000,4049.69000000,0.00000000,0
2017-08-19 16:25:00,4007.98000000,4049.69000000,4007.98000000,4049.69000000,0.17363800,3
2017-08-19 16:30:00,4049.69000000,4049.69000000,4009.92000000,4023.85000000,0.37170800,4
2017-08-19 16:35:00,4000.98000000,4000.98000000,4000.98000000,4000.98000000,0.00941700,1
2017-08-19 16:40:00,3961.28000000,3961.28000000,3953.40000000,3953.41000000,1.00027400,3
2017-08-19 16:45:00,3989.99000000,3989.99000000,3989.99000000,3989.99000000,0.01091200,1
2017-08-19 16:50:00,3977.19000000,4000.98000000,3977.19000000,3988.59000000,0.72191800,11
2017-08-19 16:55:00,4000.00000000,4000.00000000,3976.70000000,4000.00000000,0.96161700,7
2017-08-19 17:00:00,3985.00000000,3985.00000000,3985.00000000,3985.00000000,0.11566100,3
2017-08-19 17:05:00,3976.85000000,3977.00000000,3976.85000000,3977.00000000,0.54236300,5
2017-08-19 17:10:00,3977.00000000,4000.98000000,3976.72000000,4000.98000000,0.99809200,5
2017-08-19 17:15:00,4000.98000000,4000.98000000,4000.98000000,4000.98000000,0.00000000,0
2017-08-19 17:20:00,4000.98000000,4000.98000000,4000.98000000,4000.98000000,0.49400000,1
2017-08-19 17:25:00,4000.98000000,4000.98000000,4000.98000000,4000.98000000,0.04458500,1
2017-08-19 17:30:00,4000.98000000,4048.99000000,4000.98000000,4048.99000000,0.66467300,4
2017-08-19 17:35:00,4027.37000000,4027.37000000,4027.37000000,4027.37000000,0.09800000,2
2017-08-19 17:40:00,4027.37000000,4027.37000000,4027.37000000,4027.37000000,0.09200100,1
2017-08-19 17:45:00,4027.37000000,4027.37000000,4014.17000000,4027.37000000,0.02017300,3
2017-08-19 17:50:00,4027.37000000,4027.37000000,4027.37000000,4027.37000000,0.00000000,0
2017-08-19 17:55:00,4027.37000000,4027.37000000,4027.37000000,4027.37000000,0.00000000,0
2017-08-19 18:00:00,4027.37000000,4027.37000000,4027.37000000,4027.37000000,0.00000000,0
2017-08-19 18:05:00,4013.69000000,4046.12000000,4013.69000000,4046.12000000,6.94526100,12
2017-08-19 18:10:00,4046.12000000,4046.13000000,4016.85000000,4046.13000000,7.17279800,23
2017-08-19 18:15:00,4050.00000000,4066.20000000,4050.00000000,4066.20000000,1.02167500,10
2017-08-19 18:20:00,4050.14000000,4051.48000000,4050.14000000,4051.48000000,1.69467900,17
2017-08-19 18:25:00,4042.05000000,4079.00000000,4042.05000000,4079.00000000,0.29381000,7
2017-08-19 18:30:00,4079.00000000,4079.00000000,4078.00000000,4078.00000000,0.00915300,2
2017-08-19 18:35:00,4096.00000000,4096.00000000,4096.00000000,4096.00000000,0.00753200,2
2017-08-19 18:40:00,4078.46000000,4078.46000000,4078.46000000,4078.46000000,0.00075100,1
2017-08-19 18:45:00,4078.46000000,4078.46000000,4078.46000000,4078.46000000,0.00000000,0
2017-08-19 18:50:00,4086.29000000,4086.29000000,4086.29000000,4086.29000000,0.00254300,1
2017-08-19 18:55:00,4086.29000000,4086.29000000,4086.29000000,4086.29000000,0.00000000,0
2017-08-19 19:00:00,4073.47000000,4089.00000000,4073.47000000,4089.00000000,0.71595900,9
2017-08-19 19:05:00,4089.00000000,4103.92000000,4089.00000000,4103.92000000,0.56902600,5
2017-08-19 19:10:00,4103.92000000,4103.92000000,4089.01000000,4089.01000000,0.19249000,4
2017-08-19 19:15:00,4089.01000000,4089.01000000,4089.01000000,4089.01000000,0.00000000,0
2017-08-19 19:20:00,4089.01000000,4089.01000000,4089.01000000,4089.01000000,0.13792700,2
2017-08-19 19:25:00,4089.01000000,4089.01000000,4089.01000000,4089.01000000,0.00000000,0
2017-08-19 19:30:00,4088.71000000,4088.71000000,4088.71000000,4088.71000000,0.00621700,1
2017-08-19 19:35:00,4088.71000000,4088.71000000,4088.71000000,4088.71000000,0.00000000,0
2017-08-19 19:40:00,4088.71000000,4088.71000000,4088.71000000,4088.71000000,0.00000000,0
2017-08-19 19:45:00,4076.12000000,4076.12000000,4076.12000000,4076.12000000,0.00151000,1
2017-08-19 19:50:00,4076.12000000,4076.12000000,4076.12000000,4076.12000000,0.00000000,0
2017-08-19 19:55:00,4076.12000000,4076.12000000,4076.12000000,4076.12000000,0.00000000,0
2017-08-19 20:00:00,4088.71000000,4089.01000000,4051.47000000,4089.01000000,0.55300000,5
2017-08-19 20:05:00,4103.92000000,4103.92000000,4097.92000000,4097.92000000,0.01652500,3
2017-08-19 20:10:00,4097.92000000,4097.92000000,4097.92000000,4097.92000000,0.00000000,0
2017-08-19 20:15:00,4103.92000000,4103.92000000,4051.47000000,4051.47000000,0.08851000,3
2017-08-19 20:20:00,4069.66000000,4069.66000000,4069.66000000,4069.66000000,0.12300000,1
2017-08-19 20:25:00,4069.66000000,4069.66000000,4069.66000000,4069.66000000,0.00000000,0
2017-08-19 20:30:00,4069.66000000,4069.66000000,4069.66000000,4069.66000000,0.00000000,0
2017-08-19 20:35:00,4069.66000000,4069.66000000,4069.66000000,4069.66000000,0.00000000,0
2017-08-19 20:40:00,4062.39000000,4073.31000000,4051.47000000,4073.31000000,0.38200000,3
2017-08-19 20:45:00,4073.31000000,4099.00000000,4063.13000000,4075.98000000,0.68798900,10
2017-08-19 20:50:00,4052.96000000,4075.98000000,4052.96000000,4059.98000000,0.87359400,7
2017-08-19 20:55:00,4075.98000000,4075.98000000,4075.98000000,4075.98000000,0.26295200,2
2017-08-19 21:00:00,4075.98000000,4075.98000000,4075.98000000,4075.98000000,0.09964100,3
2017-08-19 21:05:00,4075.98000000,4075.98000000,4075.98000000,4075.98000000,0.20000100,1
2017-08-19 21:10:00,4090.00000000,4090.00000000,4090.00000000,4090.00000000,0.25000200,2
2017-08-19 21:15:00,4090.00000000,4090.00000000,4090.00000000,4090.00000000,1.13805800,8
2017-08-19 21:20:00,4090.00000000,4090.00000000,4090.00000000,4090.00000000,0.00356700,1
2017-08-19 21:25:00,4090.00000000,4149.98000000,4090.00000000,4149.98000000,0.93731400,4
2017-08-19 21:30:00,4149.98000000,4149.98000000,4149.98000000,4149.98000000,0.00000000,0
2017-08-19 21:35:00,4149.99000000,4149.99000000,4149.99000000,4149.99000000,0.61648100,3
2017-08-19 21:40:00,4149.99000000,4149.99000000,4149.99000000,4149.99000000,0.11925900,3
2017-08-19 21:45:00,4141.51000000,4141.51000000,4141.51000000,4141.51000000,0.00187100,1
2017-08-19 21:50:00,4075.00000000,4075.00000000,4075.00000000,4075.00000000,0.12300000,2
2017-08-19 21:55:00,4090.00000000,4090.00000000,4074.23000000,4074.23000000,0.46300000,7
2017-08-19 22:00:00,4090.00000000,4141.00000000,4090.00000000,4141.00000000,0.34741500,6
2017-08-19 22:05:00,4140.99000000,4140.99000000,4102.09000000,4140.00000000,0.25489000,7
2017-08-19 22:10:00,4139.99000000,4139.99000000,4139.99000000,4139.99000000,0.01551500,1
2017-08-19 22:15:00,4139.98000000,4139.98000000,4101.59000000,4101.59000000,0.23389400,4
2017-08-19 22:20:00,4139.98000000,4139.98000000,4139.98000000,4139.98000000,0.20844400,1
2017-08-19 22:25:00,4139.98000000,4139.98000000,4139.98000000,4139.98000000,0.01689500,2
2017-08-19 22:30:00,4139.98000000,4139.98000000,4139.98000000,4139.98000000,0.00000000,0
2017-08-19 22:35:00,4139.98000000,4139.98000000,4120.78000000,4139.98000000,0.68986900,8
2017-08-19 22:40:00,4120.78000000,4139.98000000,4120.78000000,4139.98000000,0.51389700,3
2017-08-19 22:45:00,4120.78000000,4139.98000000,4120.78000000,4139.98000000,0.06573100,2
2017-08-19 22:50:00,4120.78000000,4120.78000000,4120.78000000,4120.78000000,0.00857900,1
2017-08-19 22:55:00,4139.98000000,4139.98000000,4139.98000000,4139.98000000,0.00296800,1
2017-08-19 23:00:00,4120.78000000,4139.98000000,4120.78000000,4139.98000000,0.02809800,2
2017-08-19 23:05:00,4139.98000000,4139.98000000,4139.98000000,4139.98000000,0.00000000,0
2017-08-19 23:10:00,4139.98000000,4139.98000000,4139.98000000,4139.98000000,0.01270200,1
2017-08-19 23:15:00,4139.50000000,4139.98000000,4139.50000000,4139.98000000,0.01144400,4
2017-08-19 23:20:00,4139.98000000,4139.98000000,4139.98000000,4139.98000000,0.00000000,0
2017-08-19 23:25:00,4139.98000000,4139.98000000,4139.98000000,4139.98000000,0.00000000,0
2017-08-19 23:30:00,4139.98000000,4139.98000000,4139.98000000,4139.98000000,0.00000000,0
2017-08-19 23:35:00,4139.98000000,4139.98000000,4139.98000000,4139.98000000,0.00000000,0
2017-08-19 23:40:00,4139.98000000,4139.98000000,4139.98000000,4139.98000000,0.00000000,0
2017-08-19 23:45:00,4139.98000000,4139.98000000,4139.98000000,4139.98000000,0.00045500,1
2017-08-19 23:50:00,4139.98000000,4139.98000000,4139.98000000,4139.98000000,0.00000000,0
2017-08-19 23:55:00,4139.98000000,4139.98000000,4139.98000000,4139.98000000,0.00000000,0
2017-08-20 00:00:00,4139.98000000,4139.98000000,4139.98000000,4139.98000000,0.00000000,0
2017-08-20 00:05:00,4120.98000000,4139.98000000,4120.98000000,4124.69000000,0.63938500,5
2017-08-20 00:10:00,4102.00000000,4102.00000000,4090.00000000,4090.00000000,0.14594200,3
2017-08-20 00:15:00,4053.50000000,4096.33000000,4044.00000000,4096.33000000,1.54690800,15
2017-08-20 00:20:00,4096.33000000,4096.33000000,4096.33000000,4096.33000000,0.00000000,0
2017-08-20 00:25:00,4096.33000000,4096.33000000,4096.33000000,4096.33000000,0.00000000,0
2017-08-20 00:30:00,4096.33000000,4096.33000000,4096.33000000,4096.33000000,0.00000000,0
2017-08-20 00:35:00,4096.33000000,4096.33000000,4096.33000000,4096.33000000,0.00000000,0
2017-08-20 00:40:00,4095.33000000,4095.33000000,4095.33000000,4095.33000000,0.00582300,1
2017-08-20 00:45:00,4095.33000000,4095.33000000,4095.33000000,4095.33000000,0.00000000,0
2017-08-20 00:50:00,4095.33000000,4095.33000000,4095.33000000,4095.33000000,0.00000000,0
2017-08-20 00:55:00,4086.09000000,4086.09000000,4086.09000000,4086.09000000,0.00586600,1
2017-08-20 01:00:00,4086.09000000,4086.09000000,4086.09000000,4086.09000000,0.00000000,0
2017-08-20 01:05:00,4086.09000000,4086.09000000,4086.09000000,4086.09000000,0.07527200,1
2017-08-20 01:10:00,4069.76000000,4069.76000000,4069.76000000,4069.76000000,0.00159200,2
2017-08-20 01:15:00,4068.12000000,4069.76000000,4068.12000000,4069.76000000,0.07700000,2
2017-08-20 01:20:00,4069.76000000,4086.09000000,4066.49000000,4086.09000000,0.72782500,12
2017-08-20 01:25:00,4082.53000000,4082.53000000,4082.53000000,4082.53000000,0.08269000,3
2017-08-20 01:30:00,4069.98000000,4069.98000000,4069.98000000,4069.98000000,0.04984800,1
2017-08-20 01:35:00,4069.98000000,4069.98000000,4069.98000000,4069.98000000,0.00000000,0
2017-08-20 01:40:00,4052.82000000,4052.82000000,4052.82000000,4052.82000000,0.04000000,1
2017-08-20 01:45:00,4082.53000000,4082.53000000,4082.53000000,4082.53000000,0.00692400,1
2017-08-20 01:50:00,4082.53000000,4082.53000000,4082.53000000,4082.53000000,0.00000000,0
2017-08-20 01:55:00,4082.53000000,4082.53000000,4082.53000000,4082.53000000,0.00000000,0
2017-08-20 02:00:00,4082.53000000,4082.53000000,4082.53000000,4082.53000000,0.00000000,0
2017-08-20 02:05:00,4082.53000000,4082.53000000,4082.53000000,4082.53000000,0.00000000,0
2017-08-20 02:10:00,4096.33000000,4096.33000000,4096.33000000,4096.33000000,0.25654100,3
2017-08-20 02:15:00,4090.13000000,4112.03000000,4090.13000000,4112.03000000,0.37885700,4
2017-08-20 02:20:00,4112.03000000,4112.03000000,4112.03000000,4112.03000000,0.08587200,1
2017-08-20 02:25:00,4112.03000000,4112.03000000,4090.13000000,4112.03000000,0.66735900,10
2017-08-20 02:30:00,4112.03000000,4112.03000000,4112.03000000,4112.03000000,0.00000000,0
2017-08-20 02:35:00,4082.62000000,4124.69000000,4082.62000000,4124.69000000,0.45638900,5
2017-08-20 02:40:00,4124.69000000,4124.69000000,4124.69000000,4124.69000000,0.00262700,1
2017-08-20 02:45:00,4124.69000000,4124.69000000,4124.69000000,4124.69000000,0.01091600,2
2017-08-20 02:50:00,4124.67000000,4124.69000000,4124.67000000,4124.69000000,1.00000000,2
2017-08-20 02:55:00,4124.69000000,4124.69000000,4124.69000000,4124.69000000,0.00000000,0
2017-08-20 03:00:00,4124.69000000,4124.69000000,4124.69000000,4124.69000000,0.00000000,0
2017-08-20 03:05:00,4124.69000000,4124.69000000,4124.69000000,4124.69000000,0.00000000,0
2017-08-20 03:10:00,4124.69000000,4124.69000000,4124.69000000,4124.69000000,0.00000000,0
2017-08-20 03:15:00,4124.69000000,4124.69000000,4124.69000000,4124.69000000,0.00000000,0
2017-08-20 03:20:00,4111.26000000,4111.26000000,4111.26000000,4111.26000000,0.30000000,1
2017-08-20 03:25:00,4111.26000000,4111.26000000,4111.26000000,4111.26000000,0.00000000,0
2017-08-20 03:30:00,4111.26000000,4111.26000000,4111.26000000,4111.26000000,0.00000000,0
2017-08-20 03:35:00,4111.26000000,4111.26000000,4111.26000000,4111.26000000,0.00000000,0
2017-08-20 03:40:00,4111.26000000,4111.26000000,4111.26000000,4111.26000000,0.00000000,0
2017-08-20 03:45:00,4111.26000000,4111.26000000,4111.26000000,4111.26000000,0.00246000,1
2017-08-20 03:50:00,4111.26000000,4111.26000000,4111.26000000,4111.26000000,0.00000000,0
2017-08-20 03:55:00,4094.62000000,4094.62000000,4094.62000000,4094.62000000,0.04518700,1
2017-08-20 04:00:00,4094.62000000,4094.62000000,4094.62000000,4094.62000000,0.00000000,0
2017-08-20 04:05:00,4094.62000000,4094.62000000,4094.62000000,4094.62000000,0.00000000,0
2017-08-20 04:10:00,4094.62000000,4094.62000000,4094.62000000,4094.62000000,0.00000000,0
2017-08-20 04:15:00,4094.62000000,4094.62000000,4094.62000000,4094.62000000,0.00000000,0
2017-08-20 04:20:00,4094.62000000,4094.62000000,4094.62000000,4094.62000000,0.07525000,5
2017-08-20 04:25:00,4094.62000000,4094.62000000,4094.62000000,4094.62000000,0.12920700,9
2017-08-20 04:30:00,4094.62000000,4094.62000000,4094.62000000,4094.62000000,0.26417500,16
2017-08-20 04:35:00,4094.61000000,4094.61000000,4094.61000000,4094.61000000,0.16000100,2
2017-08-20 04:40:00,4091.80000000,4094.62000000,4091.80000000,4094.62000000,0.11453700,2
2017-08-20 04:45:00,4094.62000000,4094.62000000,4094.62000000,4094.62000000,0.01605400,2
2017-08-20 04:50:00,4094.62000000,4094.62000000,4094.62000000,4094.62000000,0.00000000,0
2017-08-20 04:55:00,4093.00000000,4093.00000000,4093.00000000,4093.00000000,0.05001900,1
2017-08-20 05:00:00,4093.00000000,4093.00000000,4093.00000000,4093.00000000,0.00000000,0
2017-08-20 05:05:00,4087.00000000,4094.62000000,4087.00000000,4094.62000000,4.65781200,18
2017-08-20 05:10:00,4094.62000000,4127.22000000,4094.62000000,4127.22000000,1.53016200,16
2017-08-20 05:15:00,4122.43000000,4142.16000000,4122.43000000,4142.16000000,3.32069300,16
2017-08-20 05:20:00,4142.16000000,4142.16000000,4125.02000000,4125.02000000,0.07622900,2
2017-08-20 05:25:00,4142.16000000,4142.16000000,4125.01000000,4142.16000000,0.37003000,7
2017-08-20 05:30:00,4142.16000000,4142.16000000,4095.39000000,4095.39000000,0.78770900,9
2017-08-20 05:35:00,4095.39000000,4095.39000000,4095.39000000,4095.39000000,0.00000000,0
2017-08-20 05:40:00,4095.39000000,4095.39000000,4095.39000000,4095.39000000,0.00000000,0
2017-08-20 05:45:00,4095.39000000,4095.39000000,4095.39000000,4095.39000000,0.00000000,0
2017-08-20 05:50:00,4095.39000000,4095.39000000,4095.39000000,4095.39000000,0.00000000,0
2017-08-20 05:55:00,4117.41000000,4117.41000000,4117.41000000,4117.41000000,0.00042100,1
2017-08-20 06:00:00,4117.41000000,4117.41000000,4117.41000000,4117.41000000,0.00306300,1
2017-08-20 06:05:00,4117.41000000,4117.41000000,4117.41000000,4117.41000000,0.00000000,0
2017-08-20 06:10:00,4117.41000000,4117.41000000,4117.41000000,4117.41000000,0.00000000,0
2017-08-20 06:15:00,4093.57000000,4093.57000000,4093.57000000,4093.57000000,0.48800000,5
2017-08-20 06:20:00,4093.57000000,4093.57000000,4093.57000000,4093.57000000,0.00000000,0
2017-08-20 06:25:00,4093.57000000,4093.57000000,4087.38000000,4093.57000000,1.17460500,14
2017-08-20 06:30:00,4093.57000000,4093.57000000,4093.57000000,4093.57000000,0.09800000,3
2017-08-20 06:35:00,4093.57000000,4117.41000000,4081.19000000,4117.41000000,0.60472800,8
2017-08-20 06:40:00,4081.40000000,4115.41000000,4081.40000000,4115.41000000,0.06391500,3
2017-08-20 06:45:00,4115.41000000,4115.41000000,4115.41000000,4115.41000000,0.03247600,4
2017-08-20 06:50:00,4115.41000000,4115.41000000,4115.41000000,4115.41000000,0.44000000,1
2017-08-20 06:55:00,4115.41000000,4115.41000000,4115.41000000,4115.41000000,0.01076400,4
2017-08-20 07:00:00,4115.41000000,4115.41000000,4115.41000000,4115.41000000,0.00000000,0
2017-08-20 07:05:00,4115.41000000,4115.41000000,4115.41000000,4115.41000000,0.00000000,0
2017-08-20 07:10:00,4081.40000000,4081.40000000,4081.40000000,4081.40000000,0.02100000,1
2017-08-20 07:15:00,4099.40000000,4117.41000000,4099.40000000,4115.41000000,0.17491400,5
2017-08-20 07:20:00,4101.73000000,4109.41000000,4100.41000000,4100.41000000,0.16480700,8
2017-08-20 07:25:00,4094.06000000,4109.41000000,4094.06000000,4109.41000000,2.67147500,21
2017-08-20 07:30:00,4108.33000000,4108.33000000,4081.41000000,4108.33000000,4.45425400,34
2017-08-20 07:35:00,4108.33000000,4143.73000000,4100.54000000,4143.73000000,2.38522800,15
2017-08-20 07:40:00,4143.73000000,4143.73000000,4143.73000000,4143.73000000,2.18481200,18
2017-08-20 07:45:00,4143.73000000,4156.56000000,4096.46000000,4118.33000000,2.01600200,20
2017-08-20 07:50:00,4156.55000000,4156.55000000,4118.33000000,4156.55000000,0.03956800,3
2017-08-20 07:55:00,4155.87000000,4155.87000000,4155.87000000,4155.87000000,0.02400000,1
2017-08-20 08:00:00,4155.87000000,4155.87000000,4155.87000000,4155.87000000,0.00000000,0
2017-08-20 08:05:00,4155.87000000,4155.88000000,4116.80000000,4118.33000000,2.24864600,24
2017-08-20 08:10:00,4137.09000000,4155.87000000,4137.09000000,4155.87000000,0.16004200,4
2017-08-20 08:15:00,4116.88000000,4116.88000000,4076.15000000,4076.15000000,2.10643600,26
2017-08-20 08:20:00,4069.91000000,4077.90000000,4032.62000000,4077.90000000,2.83664800,33
2017-08-20 08:25:00,4081.40000000,4184.68000000,4081.40000000,4184.68000000,2.85629500,19
2017-08-20 08:30:00,4169.89000000,4211.08000000,4169.89000000,4174.64000000,6.13775400,21
2017-08-20 08:35:00,4174.64000000,4174.64000000,4174.64000000,4174.64000000,0.06722200,1
2017-08-20 08:40:00,4159.00000000,4188.96000000,4149.34000000,4188.96000000,0.84045100,9
2017-08-20 08:45:00,4188.96000000,4199.32000000,4188.96000000,4199.32000000,0.11168400,3
2017-08-20 08:50:00,4184.73000000,4184.73000000,4184.73000000,4184.73000000,0.02201400,1
2017-08-20 08:55:00,4184.73000000,4184.73000000,4184.73000000,4184.73000000,0.00832400,1
2017-08-20 09:00:00,4184.73000000,4184.73000000,4184.73000000,4184.73000000,0.00000000,0
2017-08-20 09:05:00,4155.00000000,4158.61000000,4155.00000000,4158.61000000,0.21145100,2
2017-08-20 09:10:00,4155.00000000,4155.00000000,4155.00000000,4155.00000000,0.11785800,2
2017-08-20 09:15:00,4155.00000000,4155.00000000,4155.00000000,4155.00000000,0.00000000,0
2017-08-20 09:20:00,4155.00000000,4155.00000000,4155.00000000,4155.00000000,0.00000000,0
2017-08-20 09:25:00,4155.00000000,4155.00000000,4155.00000000,4155.00000000,0.00000000,0
2017-08-20 09:30:00,4155.00000000,4155.00000000,4155.00000000,4155.00000000,0.00000000,0
2017-08-20 09:35:00,4155.00000000,4155.00000000,4155.00000000,4155.00000000,0.00309900,2
2017-08-20 09:40:00,4155.00000000,4155.00000000,4155.00000000,4155.00000000,0.00489400,1
2017-08-20 09:45:00,4155.00000000,4155.00000000,4155.00000000,4155.00000000,0.05348800,1
2017-08-20 09:50:00,4155.00000000,4155.00000000,4155.00000000,4155.00000000,0.00509000,1
2017-08-20 09:55:00,4155.00000000,4155.00000000,4155.00000000,4155.00000000,0.00000000,0
2017-08-20 10:00:00,4155.00000000,4155.00000000,4155.00000000,4155.00000000,0.00000000,0
2017-08-20 10:05:00,4155.00000000,4155.00000000,4155.00000000,4155.00000000,0.00000000,0
2017-08-20 10:10:00,4155.00000000,4155.00000000,4155.00000000,4155.00000000,0.00000000,0
2017-08-20 10:15:00,4155.00000000,4155.00000000,4155.00000000,4155.00000000,0.00000000,0
2017-08-20 10:20:00,4155.00000000,4155.00000000,4155.00000000,4155.00000000,0.00000000,0
2017-08-20 10:25:00,4155.00000000,4155.00000000,4155.00000000,4155.00000000,0.00000000,0
2017-08-20 10:30:00,4140.00000000,4140.00000000,4140.00000000,4140.00000000,0.47819100,4
2017-08-20 10:35:00,4124.92000000,4142.41000000,4124.92000000,4142.41000000,0.31334900,4
2017-08-20 10:40:00,4109.84000000,4142.41000000,4109.84000000,4142.41000000,0.14896100,2
2017-08-20 10:45:00,4142.41000000,4142.41000000,4142.41000000,4142.41000000,0.00654300,1
2017-08-20 10:50:00,4142.41000000,4142.41000000,4142.41000000,4142.41000000,0.00000000,0
2017-08-20 10:55:00,4142.41000000,4142.41000000,4142.41000000,4142.41000000,0.00000000,0
2017-08-20 11:00:00,4104.68000000,4111.00000000,4097.68000000,4111.00000000,1.33041700,11
2017-08-20 11:05:00,4125.44000000,4125.44000000,4084.36000000,4125.44000000,0.62053200,4
2017-08-20 11:10:00,4125.44000000,4125.44000000,4125.44000000,4125.44000000,0.09514400,2
2017-08-20 11:15:00,4080.00000000,4104.35000000,4080.00000000,4104.35000000,0.13148300,5
2017-08-20 11:20:00,4125.44000000,4125.44000000,4125.44000000,4125.44000000,0.00879400,1
2017-08-20 11:25:00,4125.44000000,4125.44000000,4125.44000000,4125.44000000,0.03360900,2
2017-08-20 11:30:00,4080.01000000,4108.37000000,4080.00000000,4108.00000000,4.77466300,18
2017-08-20 11:35:00,4108.00000000,4108.00000000,4108.00000000,4108.00000000,1.08753700,10
2017-08-20 11:40:00,4089.35000000,4108.00000000,4089.35000000,4091.87000000,5.25269300,18
2017-08-20 11:45:00,4091.87000000,4108.00000000,4091.87000000,4100.00000000,0.74558100,12
2017-08-20 11:50:00,4090.05000000,4106.53000000,4090.05000000,4106.53000000,0.81764900,11
2017-08-20 11:55:00,4098.26000000,4106.53000000,4091.09000000,4106.53000000,2.38340100,12
2017-08-20 12:00:00,4106.53000000,4106.53000000,4088.09000000,4106.53000000,1.17846800,13
2017-08-20 12:05:00,4088.09000000,4125.43000000,4088.09000000,4125.43000000,0.70891000,9
2017-08-20 12:10:00,4125.43000000,4125.43000000,4125.43000000,4125.43000000,0.00000000,0
2017-08-20 12:15:00,4111.66000000,4111.66000000,4111.66000000,4111.66000000,0.00508900,2
2017-08-20 12:20:00,4096.33000000,4096.33000000,4096.33000000,4096.33000000,0.00047600,1
2017-08-20 12:25:00,4080.00000000,4080.00000000,4080.00000000,4080.00000000,0.01500000,1
2017-08-20 12:30:00,4080.00000000,4080.00000000,4080.00000000,4080.00000000,0.25167800,7
2017-08-20 12:35:00,4096.33000000,4096.33000000,4096.33000000,4096.33000000,0.21230500,5
2017-08-20 12:40:00,4103.99000000,4125.43000000,4096.33000000,4096.33000000,0.32623400,5
2017-08-20 12:45:00,4125.00000000,4125.00000000,4108.68000000,4108.68000000,0.02073600,2
2017-08-20 12:50:00,4125.43000000,4125.43000000,4125.43000000,4125.43000000,0.00701600,1
2017-08-20 12:55:00,4125.43000000,4125.43000000,4108.47000000,4108.47000000,0.03992800,2
2017-08-20 13:00:00,4108.47000000,4108.47000000,4108.47000000,4108.47000000,0.00000000,0
2017-08-20 13:05:00,4108.47000000,4108.47000000,4108.47000000,4108.47000000,0.00000000,0
2017-08-20 13:10:00,4125.00000000,4125.00000000,4125.00000000,4125.00000000,0.01254400,1
2017-08-20 13:15:00,4125.00000000,4125.00000000,4125.00000000,4125.00000000,0.00024300,1
2017-08-20 13:20:00,4125.00000000,4125.00000000,4125.00000000,4125.00000000,0.00000000,0
2017-08-20 13:25:00,4125.00000000,4125.00000000,4125.00000000,4125.00000000,0.00000000,0
2017-08-20 13:30:00,4125.00000000,4125.00000000,4125.00000000,4125.00000000,0.00000000,0
2017-08-20 13:35:00,4114.40000000,4114.40000000,4114.40000000,4114.40000000,0.00044200,1
2017-08-20 13:40:00,4114.40000000,4114.40000000,4114.40000000,4114.40000000,0.00000000,0
2017-08-20 13:45:00,4114.40000000,4114.40000000,4114.40000000,4114.40000000,0.00000000,0
2017-08-20 13:50:00,4114.40000000,4114.40000000,4114.40000000,4114.40000000,0.00000000,0
2017-08-20 13:55:00,4077.55000000,4077.55000000,4063.35000000,4063.35000000,1.24493300,2
2017-08-20 14:00:00,4063.35000000,4063.35000000,4063.35000000,4063.35000000,0.00000000,0
2017-08-20 14:05:00,4063.35000000,4063.35000000,4063.35000000,4063.35000000,0.00000000,0
2017-08-20 14:10:00,4096.32000000,4096.32000000,4079.84000000,4079.84000000,1.27504300,3
2017-08-20 14:15:00,4079.84000000,4096.32000000,4079.84000000,4096.32000000,0.02286400,2
2017-08-20 14:20:00,4096.00000000,4096.00000000,4079.84000000,4079.84000000,0.06936300,5
2017-08-20 14:25:00,4096.32000000,4096.32000000,4096.32000000,4096.32000000,0.04367200,1
2017-08-20 14:30:00,4096.32000000,4096.32000000,4068.50000000,4068.50000000,0.04677300,2
2017-08-20 14:35:00,4096.32000000,4096.32000000,4096.32000000,4096.32000000,0.00793500,1
2017-08-20 14:40:00,4096.32000000,4096.32000000,4096.32000000,4096.32000000,0.00000000,0
2017-08-20 14:45:00,4096.32000000,4096.32000000,4096.32000000,4096.32000000,0.00000000,0
2017-08-20 14:50:00,4096.32000000,4096.32000000,4096.32000000,4096.32000000,0.00000000,0
2017-08-20 14:55:00,4096.32000000,4096.32000000,4096.32000000,4096.32000000,0.00000000,0
2017-08-20 15:00:00,4096.32000000,4096.32000000,4096.32000000,4096.32000000,0.00000000,0
2017-08-20 15:05:00,4100.00000000,4100.00000000,4100.00000000,4100.00000000,1.39048100,2
2017-08-20 15:10:00,4100.00000000,4100.00000000,4100.00000000,4100.00000000,0.00000000,0
2017-08-20 15:15:00,4100.00000000,4100.00000000,4100.00000000,4100.00000000,0.00000000,0
